Time,LeftVelocityCommand,RightVelocityCommand,LeftActualVelocity,RightActualVelocity,LeftLeadVoltage,LeftFollowVoltage,RightLeadVoltage,RightFollowVoltage,LeftLeadCurrent,LeftFollowCurrent,RightLeadCurrent,RightFollowCurrent
0.003803,0.000000,0.000000,0.000000,0.000000,12.570312,12.304688,12.351562,12.390625,0.000000,0.000000,0.000000,0.000000,
0.022396,0.000000,0.000000,0.000000,0.000000,12.570312,12.312500,12.367188,12.398438,0.000000,0.000000,0.000000,0.000000,
0.042289,0.059814,-0.059814,0.000000,0.000000,12.562500,12.320312,12.359375,12.398438,0.093750,0.000000,0.031250,0.000000,
0.062260,0.059814,-0.059814,0.000000,0.000000,12.562500,12.304688,12.351562,12.382812,0.093750,0.031250,0.031250,0.062500,
0.083882,0.059814,-0.059814,0.000000,0.000000,12.562500,12.304688,12.351562,12.382812,0.093750,0.031250,0.031250,0.062500,
0.102564,0.059814,-0.059814,0.000000,0.000000,12.562500,12.304688,12.343750,12.382812,0.125000,0.031250,0.031250,0.062500,
0.122594,0.059814,-0.059814,0.000000,0.000000,12.562500,12.304688,12.359375,12.382812,0.093750,0.031250,0.062500,0.062500,
0.142627,0.059814,-0.059814,0.000000,0.000000,12.562500,12.312500,12.351562,12.382812,0.125000,0.031250,0.031250,0.062500,
0.162343,0.059814,-0.059814,0.000000,0.000000,12.562500,12.312500,12.359375,12.382812,0.125000,0.031250,0.031250,0.062500,
0.182274,0.059814,-0.059814,0.000000,0.000000,12.562500,12.304688,12.359375,12.382812,0.125000,0.031250,0.031250,0.062500,
0.202862,0.059814,-0.059814,0.000000,0.000000,12.562500,12.296875,12.351562,12.375000,0.125000,0.031250,0.031250,0.062500,
0.222879,0.059814,-0.059814,0.000000,0.000000,12.562500,12.312500,12.343750,12.382812,0.125000,0.031250,0.031250,0.062500,
0.242330,0.059814,-0.059814,0.000000,0.000000,12.562500,12.304688,12.351562,12.382812,0.093750,0.031250,0.031250,0.062500,
0.263699,0.059814,-0.059814,0.000000,0.000000,12.562500,12.304688,12.351562,12.375000,0.125000,0.000000,0.031250,0.062500,
0.282402,0.059814,-0.059814,0.000000,0.000000,12.562500,12.304688,12.359375,12.382812,0.093750,0.031250,0.031250,0.062500,
0.303109,0.059814,-0.059814,0.000000,0.000000,12.562500,12.304688,12.351562,12.382812,0.093750,0.031250,0.031250,0.062500,
0.322325,0.059814,-0.059814,0.000000,0.000000,12.562500,12.304688,12.343750,12.375000,0.125000,0.031250,0.031250,0.062500,
0.342598,0.059814,-0.059814,0.000000,0.000000,12.562500,12.312500,12.351562,12.382812,0.093750,0.000000,0.062500,0.062500,
0.362540,0.059814,-0.059814,0.000000,0.000000,12.554688,12.304688,12.351562,12.382812,0.125000,0.031250,0.031250,0.062500,
0.382602,0.059814,-0.059814,0.000000,0.000000,12.562500,12.304688,12.351562,12.382812,0.125000,0.031250,0.031250,0.062500,
0.403786,0.059814,-0.059814,0.000000,0.000000,12.554688,12.304688,12.351562,12.382812,0.125000,0.031250,0.031250,0.031250,
0.422435,0.059814,-0.059814,0.000000,0.000000,12.570312,12.304688,12.359375,12.375000,0.093750,0.031250,0.062500,0.062500,
0.442390,0.059814,-0.059814,0.000000,0.000000,12.562500,12.304688,12.351562,12.382812,0.156250,0.031250,0.031250,0.062500,
0.462617,0.059814,-0.059814,0.000000,0.000000,12.562500,12.304688,12.359375,12.382812,0.093750,0.031250,0.031250,0.093750,
0.485034,0.059814,-0.059814,0.000000,0.000000,12.562500,12.304688,12.351562,12.390625,0.093750,0.031250,0.031250,0.062500,
0.502622,0.059814,-0.059814,0.000000,0.000000,12.562500,12.312500,12.351562,12.375000,0.093750,0.031250,0.062500,0.062500,
0.522625,0.059814,-0.059814,0.000000,0.000000,12.570312,12.304688,12.351562,12.382812,0.093750,0.031250,0.062500,0.062500,
0.542556,0.059814,-0.059814,0.000000,0.000000,12.562500,12.304688,12.359375,12.382812,0.156250,0.031250,0.062500,0.062500,
0.562564,0.059814,-0.059814,0.000000,0.000000,12.570312,12.304688,12.359375,12.382812,0.187500,0.031250,0.031250,0.062500,
0.582387,0.059814,-0.059814,0.000000,0.000000,12.562500,12.304688,12.351562,12.382812,0.125000,0.031250,0.031250,0.062500,
0.602285,0.059814,-0.059814,0.000000,0.000000,12.562500,12.304688,12.351562,12.390625,0.125000,0.031250,0.031250,0.062500,
0.622355,0.059814,-0.059814,0.000000,0.000000,12.562500,12.304688,12.359375,12.382812,0.125000,0.031250,0.031250,0.062500,
0.642933,0.059814,-0.059814,0.000000,0.000000,12.562500,12.304688,12.359375,12.375000,0.125000,0.031250,0.031250,0.062500,
0.662347,0.059814,-0.059814,0.000000,0.000000,12.562500,12.312500,12.351562,12.382812,0.125000,0.000000,0.031250,0.062500,
0.682588,0.059814,-0.059814,0.000000,0.000000,12.562500,12.304688,12.351562,12.375000,0.156250,0.000000,0.031250,0.062500,
0.706116,0.059814,-0.059814,0.000000,0.000000,12.562500,12.312500,12.351562,12.382812,0.125000,0.031250,0.031250,0.062500,
0.722324,0.059814,-0.059814,0.000000,0.000000,12.562500,12.296875,12.351562,12.382812,0.125000,0.031250,0.031250,0.062500,
0.742638,0.059814,-0.059814,0.000000,0.000000,12.562500,12.304688,12.351562,12.382812,0.125000,0.031250,0.031250,0.062500,
0.762308,0.059814,-0.059814,0.000000,0.000000,12.562500,12.304688,12.351562,12.382812,0.093750,0.031250,0.031250,0.062500,
0.782290,0.059814,-0.059814,0.000000,0.000000,12.562500,12.304688,12.351562,12.382812,0.125000,0.031250,0.062500,0.062500,
0.802818,0.059814,-0.059814,0.000000,0.000000,12.562500,12.304688,12.351562,12.382812,0.093750,0.031250,0.031250,0.062500,
0.823830,0.059814,-0.059814,0.000000,0.000000,12.562500,12.312500,12.343750,12.382812,0.093750,0.031250,0.031250,0.062500,
0.842316,0.059814,-0.059814,0.000000,0.000000,12.570312,12.304688,12.351562,12.382812,0.125000,0.000000,0.031250,0.062500,
0.862353,0.059814,-0.059814,0.000000,0.000000,12.562500,12.312500,12.351562,12.390625,0.125000,0.031250,0.031250,0.062500,
0.882316,0.059814,-0.059814,0.000000,0.000000,12.570312,12.304688,12.359375,12.382812,0.125000,0.031250,0.031250,0.062500,
0.903807,0.059814,-0.059814,0.000000,0.000000,12.562500,12.312500,12.343750,12.390625,0.093750,0.031250,0.031250,0.062500,
0.922426,0.059814,-0.059814,0.000000,0.000000,12.562500,12.312500,12.343750,12.382812,0.093750,0.031250,0.031250,0.062500,
0.942322,0.059814,-0.059814,0.000000,0.000000,12.562500,12.312500,12.359375,12.382812,0.125000,0.031250,0.031250,0.062500,
0.962380,0.059814,-0.059814,0.000000,0.000000,12.562500,12.312500,12.351562,12.382812,0.093750,0.031250,0.031250,0.062500,
0.983784,0.059814,-0.059814,0.000000,0.000000,12.562500,12.312500,12.351562,12.382812,0.125000,0.031250,0.031250,0.062500,
1.002648,0.059814,-0.059814,0.000000,0.000000,12.562500,12.304688,12.359375,12.382812,0.125000,0.031250,0.031250,0.062500,
1.022735,0.059814,-0.059814,0.000000,0.000000,12.562500,12.312500,12.351562,12.375000,0.093750,0.031250,0.031250,0.062500,
1.042388,0.059814,-0.059814,0.000000,0.000000,12.562500,12.312500,12.351562,12.382812,0.125000,0.031250,0.031250,0.062500,
1.062337,0.059814,-0.059814,0.000000,0.000000,12.562500,12.312500,12.343750,12.390625,0.125000,0.000000,0.031250,0.062500,
1.082646,0.059814,-0.059814,0.000000,0.000000,12.562500,12.312500,12.351562,12.382812,0.093750,0.031250,0.031250,0.062500,
1.102381,0.059814,-0.059814,0.000000,0.000000,12.562500,12.312500,12.359375,12.382812,0.093750,0.031250,0.031250,0.062500,
1.122580,0.059814,-0.059814,0.000000,0.000000,12.562500,12.304688,12.343750,12.382812,0.125000,0.031250,0.031250,0.062500,
1.143753,0.059814,-0.059814,0.000000,0.000000,12.562500,12.304688,12.351562,12.375000,0.125000,0.031250,0.031250,0.062500,
1.162556,0.059814,-0.059814,0.000000,0.000000,12.562500,12.304688,12.351562,12.367188,0.093750,0.031250,0.031250,0.062500,
1.182531,0.059814,-0.059814,0.000000,0.000000,12.562500,12.312500,12.343750,12.382812,0.093750,0.031250,0.031250,0.062500,
1.202502,0.059814,-0.059814,0.000000,0.000000,12.562500,12.312500,12.351562,12.382812,0.093750,0.031250,0.031250,0.062500,
1.222558,0.059814,-0.059814,0.000000,0.000000,12.562500,12.296875,12.351562,12.382812,0.093750,0.031250,0.031250,0.062500,
1.242856,0.059814,-0.059814,0.000000,0.000000,12.562500,12.304688,12.343750,12.375000,0.093750,0.031250,0.062500,0.062500,
1.262537,0.059814,-0.059814,0.000000,0.000000,12.562500,12.304688,12.351562,12.375000,0.093750,0.031250,0.031250,0.062500,
1.282580,0.059814,-0.059814,0.000000,0.000000,12.562500,12.312500,12.351562,12.375000,0.125000,0.031250,0.031250,0.062500,
1.302576,0.059814,-0.059814,0.000000,0.000000,12.562500,12.304688,12.351562,12.390625,0.093750,0.031250,0.031250,0.062500,
1.322629,0.059814,-0.059814,0.000000,0.000000,12.570312,12.320312,12.351562,12.382812,0.093750,0.031250,0.031250,0.062500,
1.342338,0.059814,-0.059814,0.000000,0.000000,12.562500,12.312500,12.351562,12.382812,0.125000,0.031250,0.031250,0.093750,
1.362329,0.059814,-0.059814,0.000000,0.000000,12.562500,12.312500,12.351562,12.390625,0.093750,0.000000,0.031250,0.062500,
1.382379,0.059814,-0.059814,0.000000,0.000000,12.562500,12.312500,12.351562,12.390625,0.125000,0.031250,0.031250,0.062500,
1.402687,0.059814,-0.059814,0.000000,0.000000,12.570312,12.304688,12.351562,12.382812,0.093750,0.031250,0.031250,0.093750,
1.422396,0.059814,-0.059814,0.000000,0.000000,12.562500,12.312500,12.343750,12.382812,0.125000,0.031250,0.031250,0.062500,
1.442379,0.059814,-0.059814,0.000000,0.000000,12.562500,12.304688,12.343750,12.382812,0.125000,0.031250,0.031250,0.062500,
1.462378,0.059814,-0.059814,0.000000,0.000000,12.570312,12.304688,12.359375,12.390625,0.125000,0.031250,0.031250,0.062500,
1.482620,0.059814,-0.059814,0.000000,0.000000,12.562500,12.304688,12.351562,12.382812,0.125000,0.031250,0.031250,0.062500,
1.502337,0.059814,-0.059814,0.000000,0.000000,12.562500,12.312500,12.351562,12.382812,0.125000,0.031250,0.062500,0.062500,
1.522616,0.059814,-0.059814,0.000000,0.000000,12.562500,12.312500,12.351562,12.382812,0.125000,0.000000,0.031250,0.062500,
1.542595,0.059814,-0.059814,0.000000,0.000000,12.562500,12.312500,12.343750,12.390625,0.093750,0.031250,0.031250,0.062500,
1.562405,0.059814,-0.059814,0.000000,0.000000,12.562500,12.304688,12.351562,12.382812,0.125000,0.031250,0.031250,0.062500,
1.582551,0.059814,-0.059814,0.000000,0.000000,12.562500,12.304688,12.343750,12.375000,0.125000,0.031250,0.031250,0.062500,
1.602578,0.059814,-0.059814,0.000000,0.000000,12.562500,12.304688,12.351562,12.382812,0.093750,0.000000,0.031250,0.062500,
1.622297,0.178560,0.118746,0.000000,0.000000,12.507812,12.304688,12.351562,12.390625,0.000000,0.031250,0.125000,0.062500,
1.642319,0.627751,0.567937,0.000000,0.000000,12.476562,12.273438,12.281250,12.351562,0.125000,0.000000,0.062500,0.250000,
1.662432,0.806312,0.746497,11.428572,11.428572,12.484375,12.265625,12.117188,12.273438,0.000000,0.031250,0.437500,0.000000,
1.682374,1.562713,1.502899,11.428572,11.428572,12.398438,12.187500,11.765625,11.937500,0.062500,0.000000,18.531250,7.000000,
1.702735,2.292764,2.232950,40.000000,40.000000,11.609375,11.671875,11.523438,11.718750,33.875000,27.437500,28.406250,24.937500,
1.722665,2.739166,2.679351,62.857143,62.857143,11.476562,11.257812,11.429688,11.484375,33.906250,32.000000,30.250000,29.843750,
1.742574,2.739166,2.679351,62.857143,62.857143,11.460938,11.156250,11.148438,11.289062,28.750000,32.812500,30.906250,29.875000,
1.762379,3.483167,3.423353,80.000000,80.000000,11.187500,11.093750,11.257812,11.093750,37.531250,32.937500,29.656250,30.468750,
1.782423,3.483167,3.423353,108.571426,108.571426,11.140625,10.828125,10.921875,10.953125,38.750000,37.250000,33.500000,30.562500,
1.802318,3.483167,3.423353,108.571426,108.571426,11.140625,10.843750,10.812500,10.835938,38.031250,22.906250,35.656250,34.000000,
1.822648,3.483167,3.423353,148.571426,148.571426,10.953125,10.679688,10.734375,10.898438,43.531250,38.562500,36.375000,32.093750,
1.842552,3.483167,3.423353,205.714294,205.714294,10.976562,10.773438,10.671875,10.664062,44.843750,22.843750,41.187500,36.531250,
1.863759,3.483167,3.423353,205.714294,205.714294,11.070312,10.664062,10.914062,10.640625,37.031250,39.750000,32.375000,34.968750,
1.882572,3.483167,3.423353,280.000000,280.000000,11.171875,10.656250,10.664062,10.640625,37.062500,40.218750,41.593750,35.937500,
1.902504,3.483167,3.423353,360.000031,360.000031,10.984375,10.679688,10.843750,10.742188,42.031250,40.437500,28.968750,29.156250,
1.922552,3.483167,3.423353,360.000031,360.000031,11.023438,10.546875,10.765625,10.742188,36.281250,41.406250,34.687500,29.281250,
1.942418,3.162316,3.102502,440.000031,440.000031,11.218750,10.812500,11.015625,10.750000,37.937500,37.687500,26.343750,30.218750,
1.962531,0.600161,0.540347,440.000031,440.000031,12.781250,10.718750,12.718750,10.789062,0.000000,39.375000,0.000000,29.562500,
1.982369,0.059814,-0.059814,531.428650,531.428650,12.421875,12.171875,12.210938,12.335938,0.000000,0.000000,0.093750,0.000000,
2.002499,0.059814,-0.059814,548.571472,548.571472,12.437500,12.179688,12.234375,12.257812,0.000000,0.000000,0.062500,0.093750,
2.023704,0.059814,-0.059814,548.571472,548.571472,12.445312,12.156250,12.289062,12.289062,0.000000,0.000000,0.031250,0.062500,
2.044183,0.059814,-0.059814,577.142944,577.142944,12.460938,12.195312,12.265625,12.296875,0.000000,0.000000,0.031250,0.093750,
2.062352,0.059814,-0.059814,582.857239,582.857239,12.468750,12.203125,12.281250,12.296875,0.000000,0.000000,0.062500,0.093750,
2.082507,0.059814,-0.059814,582.857239,582.857239,12.476562,12.203125,12.273438,12.304688,0.000000,0.000000,0.093750,0.093750,
2.102356,0.059814,-0.059814,565.714355,565.714355,12.476562,12.203125,12.281250,12.312500,0.000000,0.000000,0.062500,0.062500,
2.122377,0.059814,-0.059814,520.000061,520.000061,12.492188,12.210938,12.281250,12.320312,0.000000,0.000000,0.031250,0.062500,
2.142564,0.059814,-0.059814,520.000061,520.000061,12.492188,12.226562,12.289062,12.312500,0.000000,0.000000,0.062500,0.093750,
2.162527,0.059814,-0.059814,445.714355,445.714355,12.484375,12.242188,12.281250,12.328125,0.000000,0.000000,0.093750,0.093750,
2.182570,0.059814,-0.059814,445.714355,445.714355,12.492188,12.242188,12.289062,12.320312,0.093750,0.031250,0.062500,0.093750,
2.202395,0.059814,-0.059814,342.857208,342.857208,12.500000,12.257812,12.296875,12.320312,0.125000,0.031250,0.062500,0.093750,
2.222591,0.059814,-0.059814,228.571472,228.571472,12.500000,12.257812,12.289062,12.328125,0.125000,0.031250,0.093750,0.093750,
2.242367,0.059814,-0.059814,228.571472,228.571472,12.500000,12.250000,12.296875,12.328125,0.125000,0.031250,0.062500,0.093750,
2.262626,0.059814,-0.059814,194.285767,194.285767,12.500000,12.257812,12.296875,12.328125,0.125000,0.031250,0.093750,0.125000,
2.282590,0.059814,-0.059814,137.142883,137.142883,12.507812,12.257812,12.296875,12.328125,0.125000,0.031250,0.031250,0.062500,
2.302599,0.059814,-0.059814,137.142883,137.142883,12.507812,12.257812,12.304688,12.335938,0.125000,0.031250,0.093750,0.125000,
2.322579,0.059814,-0.059814,91.428589,91.428589,12.507812,12.257812,12.296875,12.328125,0.125000,0.031250,0.093750,0.125000,
2.342353,0.059814,-0.059814,51.428589,51.428589,12.507812,12.257812,12.296875,12.335938,0.125000,0.031250,0.062500,0.062500,
2.362526,0.059814,-0.059814,51.428589,51.428589,12.507812,12.265625,12.304688,12.328125,0.125000,0.031250,0.062500,0.093750,
2.382555,0.059814,-0.059814,22.857178,22.857178,12.515625,12.257812,12.304688,12.335938,0.125000,0.031250,0.062500,0.093750,
2.402401,0.059814,-0.059814,5.714294,5.714294,12.515625,12.265625,12.304688,12.335938,0.156250,0.031250,0.062500,0.093750,
2.422402,0.059814,-0.034704,5.714294,5.714294,12.507812,12.265625,12.312500,12.335938,0.125000,0.031250,0.125000,0.093750,
2.442338,0.260711,0.200896,0.000000,0.000000,12.453125,12.265625,12.296875,12.335938,0.000000,0.031250,0.000000,0.125000,
2.462553,0.937752,0.877937,0.000000,0.000000,12.437500,12.210938,12.195312,12.265625,0.031250,0.062500,0.343750,0.000000,
2.482407,1.697564,1.637749,5.714294,5.714294,12.343750,12.218750,12.203125,12.242188,0.156250,0.000000,0.000000,0.062500,
2.502506,2.797756,2.737941,34.285706,34.285706,12.281250,12.164062,11.976562,12.234375,0.093750,0.000000,3.031250,0.093750,
2.523994,3.683117,3.623303,34.285706,34.285706,11.523438,11.414062,11.421875,11.585938,33.718750,33.312500,29.218750,27.343750,
2.542584,3.958398,3.898583,57.142853,57.142853,11.609375,11.210938,11.234375,11.335938,30.687500,32.500000,30.218750,30.375000,
2.562556,3.958398,3.898583,74.285736,74.285736,11.320312,11.093750,11.210938,11.312500,34.625000,33.375000,27.000000,30.750000,
2.582371,4.028768,3.977193,74.285736,74.285736,11.195312,11.109375,10.937500,11.093750,35.875000,25.812500,31.187500,29.906250,
2.602553,4.099758,4.039944,108.571442,108.571442,11.132812,11.125000,10.812500,11.046875,35.531250,26.562500,31.531250,31.781250,
2.622408,4.171368,4.111554,148.571442,148.571442,11.250000,10.789062,10.687500,10.937500,33.968750,38.218750,32.843750,34.375000,
2.642325,4.171368,4.111554,148.571442,148.571442,11.085938,10.750000,10.609375,10.914062,28.000000,38.906250,28.062500,34.906250,
2.665062,4.243598,4.183784,205.714325,205.714325,11.062500,10.695312,10.703125,10.851562,33.218750,26.625000,34.718750,21.406250,
2.682211,4.243598,4.183784,205.714325,205.714325,11.023438,10.804688,10.703125,10.726562,41.437500,27.500000,37.375000,28.875000,
2.702419,4.243598,4.183784,280.000000,280.000000,11.109375,10.906250,10.648438,10.937500,37.687500,31.718750,36.187500,35.468750,
2.722490,4.243598,4.183784,371.428558,371.428558,11.015625,10.625000,10.617188,10.625000,40.468750,29.250000,33.437500,37.937500,
2.743813,4.243598,4.183784,371.428558,371.428558,10.984375,10.679688,10.718750,10.789062,34.968750,36.250000,32.781250,34.750000,
2.762402,4.243598,4.183784,451.428589,451.428589,10.976562,10.765625,10.867188,10.914062,36.156250,30.468750,26.625000,30.968750,
2.782336,4.243598,4.183784,554.285706,554.285706,10.867188,10.515625,10.539062,10.726562,46.687500,39.187500,38.062500,34.937500,
2.802539,4.243598,4.183784,554.285706,554.285706,10.898438,10.359375,10.531250,10.703125,38.562500,37.718750,40.531250,31.000000,
2.822290,4.243598,4.183784,674.285706,674.285706,10.945312,10.687500,10.656250,10.554688,31.625000,35.906250,33.593750,41.125000,
2.843723,4.243598,4.183784,811.428589,811.428589,10.945312,10.515625,10.507812,10.554688,33.875000,33.125000,41.937500,39.750000,
2.862513,4.243598,4.183784,811.428589,811.428589,10.828125,10.476562,10.617188,10.625000,39.125000,38.968750,33.812500,30.218750,
2.882278,4.243598,4.183784,948.571411,948.571411,10.882812,10.546875,10.765625,10.601562,42.187500,33.750000,28.406250,33.343750,
2.902579,4.243598,4.183784,1085.714355,1085.714355,10.992188,10.687500,10.851562,10.820312,36.750000,31.406250,26.500000,28.250000,
2.922282,4.243598,4.183784,1085.714355,1085.714355,10.921875,10.656250,10.796875,10.828125,40.187500,32.281250,28.500000,24.875000,
2.942542,4.243598,4.183784,1205.714355,1205.714355,11.078125,10.726562,10.921875,10.890625,34.375000,29.625000,24.531250,26.406250,
2.962553,4.243598,4.183784,1205.714355,1205.714355,11.062500,10.875000,11.031250,11.007812,36.468750,26.937500,22.687500,22.218750,
2.983703,4.243598,4.183784,1314.285889,1314.285889,11.171875,10.921875,11.054688,11.007812,24.500000,22.906250,25.125000,24.468750,
3.002696,4.243598,4.183784,1411.428711,1411.428711,11.148438,10.890625,11.054688,11.054688,30.406250,26.250000,21.437500,19.093750,
3.022534,4.243598,4.183784,1411.428711,1411.428711,11.210938,10.960938,11.101562,11.125000,24.968750,24.500000,21.375000,19.937500,
3.042369,4.243598,4.183784,1502.857300,1502.857300,11.257812,10.984375,11.171875,11.171875,25.250000,24.500000,18.156250,17.593750,
3.062497,4.243598,4.183784,1582.857300,1582.857300,11.289062,10.992188,11.195312,11.250000,24.625000,25.156250,18.593750,14.593750,
3.082466,4.243598,4.183784,1582.857300,1582.857300,11.281250,11.085938,11.273438,11.242188,25.812500,23.406250,15.218750,15.937500,
3.102564,4.243598,4.183784,1634.285889,1634.285889,11.234375,10.960938,11.195312,11.250000,27.468750,27.781250,17.156250,12.718750,
3.122391,4.243598,4.183784,1674.285889,1674.285889,11.406250,11.023438,11.203125,11.242188,21.875000,27.125000,17.593750,14.937500,
3.142355,4.243598,4.183784,1674.285889,1674.285889,11.304688,11.039062,11.195312,11.250000,27.375000,25.687500,16.375000,15.375000,
3.162519,4.243598,4.183784,1708.571655,1708.571655,11.359375,11.195312,11.265625,11.273438,21.906250,23.125000,16.687500,13.625000,
3.182372,4.243598,4.183784,1708.571655,1708.571655,11.445312,11.210938,11.328125,11.296875,22.875000,20.218750,15.500000,12.687500,
3.202353,1.934714,1.874899,1748.571533,1748.571533,12.843750,11.203125,13.023438,11.421875,0.000000,25.906250,0.000000,10.531250,
3.222538,0.150040,0.090226,1742.857178,1742.857178,12.937500,12.218750,12.578125,12.375000,2.031250,0.000000,0.093750,0.000000,
3.243019,0.059814,-0.059814,1742.857178,1742.857178,12.460938,12.296875,12.156250,12.351562,0.000000,0.843750,0.000000,0.000000,
3.262552,0.059814,-0.059814,1634.285645,1634.285645,12.343750,12.117188,12.195312,12.210938,0.000000,0.000000,0.062500,0.062500,
3.282400,0.059814,-0.059814,1520.000000,1520.000000,12.367188,12.078125,12.179688,12.203125,0.000000,0.000000,0.031250,0.062500,
3.302396,0.059814,-0.059814,1520.000000,1520.000000,12.414062,12.070312,12.195312,12.210938,0.000000,0.000000,0.093750,0.062500,
3.322411,0.059814,-0.059814,1388.571533,1388.571533,12.414062,12.101562,12.203125,12.210938,0.000000,0.000000,0.062500,0.062500,
3.342574,0.059814,-0.059814,1200.000000,1200.000000,12.406250,12.148438,12.187500,12.234375,0.000000,0.000000,0.031250,0.093750,
3.362534,0.059814,-0.059814,1200.000000,1200.000000,12.390625,12.093750,12.210938,12.226562,0.000000,0.000000,0.031250,0.062500,
3.382574,0.059814,-0.059814,1051.428711,1051.428711,12.390625,12.109375,12.203125,12.226562,0.000000,0.000000,0.062500,0.093750,
3.402538,0.059814,-0.059814,874.285645,874.285645,12.398438,12.117188,12.203125,12.218750,0.000000,0.000000,0.062500,0.093750,
3.423762,0.059814,-0.059814,874.285645,874.285645,12.398438,12.132812,12.195312,12.226562,0.000000,0.000000,0.062500,0.062500,
3.442602,0.059814,-0.059814,662.857178,662.857178,12.406250,12.140625,12.203125,12.226562,0.000000,0.000000,0.031250,0.062500,
3.462328,0.059814,-0.059814,662.857178,662.857178,12.414062,12.156250,12.195312,12.234375,0.000000,0.000000,0.062500,0.062500,
3.482546,0.059814,-0.059814,480.000000,480.000000,12.414062,12.164062,12.203125,12.234375,0.062500,0.000000,0.031250,0.062500,
3.502371,0.059814,-0.059814,382.857178,382.857178,12.421875,12.164062,12.210938,12.242188,0.125000,0.062500,0.062500,0.093750,
3.522680,0.059814,-0.059814,382.857178,382.857178,12.421875,12.164062,12.210938,12.242188,0.062500,0.062500,0.062500,0.093750,
3.542517,0.059814,-0.059814,285.714355,285.714355,12.421875,12.164062,12.210938,12.250000,0.000000,0.000000,0.062500,0.093750,
3.563378,0.059814,-0.059814,205.714355,205.714355,12.421875,12.164062,12.218750,12.250000,0.031250,0.000000,0.062500,0.062500,
3.582512,0.059814,-0.059814,205.714355,205.714355,12.421875,12.171875,12.218750,12.250000,0.031250,0.062500,0.062500,0.062500,
3.602273,0.059814,-0.059814,171.428711,171.428711,12.421875,12.171875,12.218750,12.250000,0.031250,0.062500,0.062500,0.062500,
3.622501,0.059814,-0.059814,102.857178,102.857178,12.429688,12.171875,12.210938,12.250000,0.062500,0.031250,0.062500,0.062500,
3.642533,0.059814,-0.059814,102.857178,102.857178,12.429688,12.179688,12.226562,12.250000,0.093750,0.062500,0.062500,0.062500,
3.663216,0.059814,-0.059814,57.142822,57.142822,12.429688,12.179688,12.226562,12.257812,0.093750,0.062500,0.062500,0.062500,
3.682464,0.059814,-0.059814,57.142822,57.142822,12.429688,12.179688,12.226562,12.257812,0.062500,0.031250,0.062500,0.062500,
3.702317,0.059814,-0.059814,34.285767,34.285767,12.437500,12.187500,12.226562,12.265625,0.093750,0.062500,0.062500,0.093750,
3.722596,0.059814,-0.059814,17.142883,17.142883,12.445312,12.187500,12.226562,12.257812,0.093750,0.062500,0.062500,0.062500,
3.742533,0.059814,-0.059814,17.142883,17.142883,12.437500,12.187500,12.234375,12.257812,0.093750,0.062500,0.062500,0.062500,
3.762659,0.059814,-0.059814,17.142883,17.142883,12.445312,12.187500,12.234375,12.265625,0.093750,0.062500,0.062500,0.093750,
3.782520,0.059814,-0.059814,11.428589,11.428589,12.445312,12.187500,12.234375,12.265625,0.093750,0.062500,0.062500,0.062500,
3.802365,0.059814,-0.059814,11.428589,11.428589,12.445312,12.187500,12.234375,12.265625,0.125000,0.062500,0.093750,0.093750,
3.822245,0.059814,-0.059814,5.714294,5.714294,12.445312,12.187500,12.242188,12.265625,0.093750,0.062500,0.062500,0.062500,
3.842522,0.059814,-0.059814,5.714294,5.714294,12.445312,12.187500,12.242188,12.265625,0.093750,0.062500,0.062500,0.093750,
3.862755,0.059814,-0.059814,5.714294,5.714294,12.445312,12.187500,12.234375,12.257812,0.093750,0.062500,0.062500,0.062500,
3.882395,0.059814,-0.059814,5.714294,5.714294,12.445312,12.195312,12.242188,12.265625,0.093750,0.062500,0.062500,0.062500,
3.902261,0.059814,-0.059814,0.000000,0.000000,12.453125,12.187500,12.234375,12.265625,0.062500,0.062500,0.062500,0.062500,
3.922474,0.059814,-0.059814,0.000000,0.000000,12.453125,12.195312,12.234375,12.265625,0.093750,0.062500,0.062500,0.062500,
3.942499,0.088196,-0.088196,0.000000,0.000000,12.445312,12.195312,12.242188,12.281250,0.187500,0.093750,0.312500,0.062500,
3.962586,0.134583,-0.134583,0.000000,0.000000,12.398438,12.195312,12.187500,12.273438,0.125000,0.093750,0.156250,0.281250,
3.983043,0.488281,-0.488281,0.000000,0.000000,12.382812,12.187500,12.140625,12.234375,0.281250,0.000000,0.312500,0.000000,
4.002582,0.762939,-0.762939,5.714287,5.714287,12.359375,12.140625,11.984375,12.101562,0.000000,0.000000,0.312500,0.000000,
4.022520,1.098633,-1.098633,5.714287,5.714287,12.296875,12.140625,11.734375,11.890625,0.062500,0.000000,13.312500,1.250000,
4.042525,1.452942,-1.452942,34.285721,34.285721,12.031250,12.046875,11.515625,11.695312,14.812500,0.000000,26.843750,21.593750,
4.062329,1.953125,-1.953125,57.142860,57.142860,11.554688,11.453125,11.304688,11.484375,31.375000,29.250000,30.031250,26.812500,
4.082547,2.153320,-2.153320,57.142860,57.142860,11.453125,11.390625,11.109375,11.335938,30.500000,27.343750,31.937500,29.125000,
4.102285,2.153320,-2.153320,80.000000,80.000000,11.421875,11.257812,11.101562,11.039062,21.468750,25.937500,29.000000,29.656250,
4.124800,2.153320,-2.153320,114.285706,114.285706,11.375000,10.945312,10.843750,11.257812,31.156250,32.250000,30.968750,26.437500,
4.142529,2.153320,-2.153320,114.285706,114.285706,11.289062,10.953125,10.796875,10.812500,31.968750,33.218750,28.031250,35.812500,
4.162494,2.153320,-2.153320,165.714294,165.714294,11.164062,10.968750,10.812500,10.843750,34.875000,32.312500,29.875000,34.781250,
4.182955,2.153320,-2.153320,165.714294,165.714294,11.117188,10.843750,10.773438,10.828125,36.843750,34.218750,33.125000,34.843750,
4.202277,2.153320,-2.153320,222.857147,222.857147,11.257812,10.960938,10.914062,11.023438,30.281250,31.343750,29.187500,26.437500,
4.222497,2.153320,-2.153320,302.857147,302.857147,11.265625,11.140625,10.945312,11.093750,28.906250,27.750000,29.750000,23.375000,
4.242456,2.153320,-2.153320,302.857147,302.857147,11.359375,11.164062,11.109375,10.968750,28.812500,21.031250,22.687500,28.906250,
4.264847,2.204895,-2.204895,382.857147,382.857147,11.554688,11.125000,11.156250,11.320312,23.625000,25.750000,25.937500,19.843750,
4.282302,2.204895,-2.204895,451.428589,451.428589,11.562500,11.218750,11.328125,11.281250,23.312500,23.031250,20.343750,20.531250,
4.302556,2.204895,-2.204895,451.428589,451.428589,11.648438,11.351562,11.398438,11.367188,21.062500,19.968750,19.375000,18.156250,
4.322375,2.204895,-2.204895,537.142822,537.142822,11.734375,11.359375,11.421875,11.460938,17.375000,19.000000,16.906250,16.781250,
4.342312,2.204895,-2.204895,628.571411,628.571411,11.687500,11.414062,11.398438,11.460938,19.281250,16.875000,17.343750,17.031250,
4.364094,2.204895,-2.204895,628.571411,628.571411,11.750000,11.539062,11.562500,11.648438,16.656250,14.843750,15.687500,13.937500,
4.382502,2.204895,-2.204895,714.285706,714.285706,11.843750,11.625000,11.656250,11.679688,15.343750,16.125000,13.312500,15.125000,
4.402597,2.204895,-2.204895,782.857117,782.857117,11.867188,11.562500,11.554688,11.656250,12.218750,14.593750,13.531250,11.562500,
4.422506,2.204895,-2.204895,782.857117,782.857117,11.898438,11.601562,11.734375,11.773438,13.156250,12.093750,11.718750,11.343750,
4.442364,2.204895,-2.204895,857.142822,857.142822,12.015625,11.773438,11.687500,11.757812,12.062500,9.812500,10.750000,8.968750,
4.462508,2.204895,-2.204895,857.142822,857.142822,11.984375,11.710938,11.867188,11.843750,10.125000,10.500000,10.750000,9.656250,
4.482555,2.204895,-2.204895,914.285645,914.285645,12.070312,11.757812,11.718750,11.843750,10.031250,10.000000,9.031250,9.593750,
4.502285,2.204895,-2.204895,965.714233,965.714233,12.054688,11.851562,11.875000,12.000000,10.406250,9.718750,9.968750,8.968750,
4.522511,2.204895,-2.204895,965.714233,965.714233,12.062500,11.726562,11.890625,11.789062,9.593750,8.375000,9.625000,8.718750,
4.544851,2.204895,-2.204895,1017.142761,1017.142761,12.109375,11.812500,11.835938,11.921875,9.468750,9.468750,8.656250,7.968750,
4.562569,2.153320,-2.153320,1051.428467,1051.428467,12.109375,11.914062,11.929688,12.054688,9.781250,9.187500,8.375000,9.125000,
4.583704,2.153320,-2.153320,1051.428467,1051.428467,12.187500,11.820312,12.078125,11.945312,9.500000,8.218750,5.187500,8.218750,
4.602473,0.991516,-0.991516,1085.714233,1085.714233,12.195312,11.875000,11.984375,11.992188,8.500000,8.968750,8.625000,8.250000,
4.624011,0.991516,-0.991516,1108.571411,1108.571411,12.929688,11.953125,12.765625,12.109375,0.000000,9.218750,0.000000,3.343750,
4.642599,0.098877,-0.098877,1108.571411,1108.571411,12.460938,12.195312,12.257812,12.320312,0.000000,0.000000,0.000000,0.000000,
4.662456,0.098877,-0.098877,1080.000000,1080.000000,12.742188,12.281250,12.601562,12.468750,0.000000,0.000000,0.000000,0.000000,
4.682284,0.078125,-0.078125,1080.000000,1080.000000,12.468750,13.078125,12.242188,12.648438,0.000000,1.406250,0.000000,0.125000,
4.702364,0.078125,-0.078125,1045.714233,1045.714233,12.507812,12.226562,12.382812,12.320312,0.000000,0.000000,0.000000,0.000000,
4.723783,0.068665,-0.068665,994.285645,994.285645,12.445312,12.218750,12.250000,12.289062,0.062500,0.000000,0.062500,0.000000,
4.742569,0.051575,-0.051575,994.285645,994.285645,12.453125,12.187500,12.296875,12.250000,0.000000,0.000000,0.000000,0.000000,
4.762324,0.051575,-0.051575,920.000000,920.000000,12.445312,12.187500,12.234375,12.242188,0.156250,0.000000,0.156250,0.000000,
4.782302,0.000000,-0.000000,828.571411,828.571411,12.453125,12.164062,12.242188,12.234375,0.000000,0.000000,0.000000,0.000000,
4.802700,0.000000,-0.000000,828.571411,828.571411,12.453125,12.203125,12.242188,12.273438,0.000000,0.000000,0.000000,0.000000,
4.822472,0.000000,-0.000000,742.857056,742.857056,12.445312,12.203125,12.242188,12.281250,0.000000,0.000000,0.000000,0.000000,
4.842496,-0.025110,0.025110,645.714111,645.714111,12.460938,12.203125,12.242188,12.289062,0.125000,0.000000,0.093750,0.000000,
4.862375,-0.037510,0.037510,645.714111,645.714111,12.453125,12.195312,12.234375,12.273438,0.156250,0.093750,0.156250,0.093750,
4.882929,-0.037510,0.037510,542.856934,542.856934,12.453125,12.195312,12.234375,12.265625,0.187500,0.125000,0.125000,0.125000,
4.902333,-0.037510,0.037510,474.285767,474.285767,12.453125,12.195312,12.234375,12.265625,0.156250,0.125000,0.156250,0.187500,
4.922329,-0.044640,0.044640,474.285767,474.285767,12.445312,12.195312,12.234375,12.265625,0.156250,0.093750,0.125000,0.156250,
4.942316,-0.044640,0.044640,394.285645,394.285645,12.445312,12.195312,12.234375,12.273438,0.156250,0.093750,0.125000,0.125000,
4.962370,-0.044640,0.044640,394.285645,394.285645,12.453125,12.195312,12.242188,12.265625,0.156250,0.093750,0.125000,0.156250,
4.983390,-0.044640,0.044640,314.285645,314.285645,12.453125,12.195312,12.242188,12.273438,0.187500,0.093750,0.093750,0.187500,
5.002357,-0.044640,0.044640,262.857056,262.857056,12.453125,12.203125,12.242188,12.281250,0.156250,0.125000,0.125000,0.125000,
5.022485,-0.044640,0.044640,262.857056,262.857056,12.460938,12.195312,12.242188,12.273438,0.156250,0.125000,0.125000,0.156250,
5.042516,-0.052390,0.052390,211.428589,211.428589,12.453125,12.210938,12.242188,12.273438,0.093750,0.093750,0.093750,0.125000,
5.062364,-0.052390,0.052390,160.000000,160.000000,12.460938,12.210938,12.242188,12.281250,0.125000,0.093750,0.125000,0.125000,
5.083222,-0.060760,0.060760,160.000000,160.000000,12.460938,12.203125,12.257812,12.273438,0.093750,0.062500,0.125000,0.156250,
5.102352,-0.060760,0.060760,114.285767,114.285767,12.460938,12.203125,12.250000,12.273438,0.062500,0.062500,0.125000,0.093750,
5.122345,-0.060760,0.060760,74.285767,74.285767,12.460938,12.203125,12.250000,12.273438,0.093750,0.062500,0.062500,0.062500,
5.142375,-0.079360,0.079360,74.285767,74.285767,12.460938,12.210938,12.250000,12.281250,0.093750,0.062500,0.156250,0.093750,
5.162339,-0.089590,0.089590,51.428589,51.428589,12.460938,12.203125,12.250000,12.281250,0.218750,0.406250,0.281250,0.125000,
5.182961,-0.124000,0.124000,51.428589,51.428589,12.421875,12.203125,12.195312,12.281250,0.125000,0.062500,0.250000,0.281250,
5.202497,-0.193750,0.193750,28.571442,28.571442,12.406250,12.187500,12.210938,12.257812,0.343750,0.031250,0.218750,0.031250,
5.223697,-0.260711,0.260711,22.857147,22.857147,12.351562,12.179688,12.164062,12.234375,0.218750,0.250000,0.281250,0.218750,
5.242494,-0.358361,0.358361,22.857147,22.857147,12.296875,12.085938,12.117188,12.164062,0.687500,0.593750,0.562500,0.500000,
5.262360,-0.496001,0.496001,5.714294,5.714294,12.250000,12.093750,12.039062,12.140625,0.062500,0.531250,0.000000,0.593750,
5.282949,-0.806312,0.806312,-5.714264,-5.714264,12.023438,11.906250,11.851562,11.976562,4.656250,0.031250,1.500000,0.031250,
5.302460,-1.116002,1.116002,-5.714264,-5.714264,11.781250,11.617188,11.570312,11.734375,25.593750,22.656250,24.562500,18.656250,
5.323643,-1.391593,1.391593,-22.857147,-22.857147,11.625000,11.500000,11.437500,11.648438,28.875000,28.781250,27.531250,25.718750,
5.342315,-1.934714,1.934714,-45.714294,-45.714294,11.453125,11.445312,11.367188,11.507812,31.312500,27.562500,27.656250,27.687500,
5.362278,-2.084444,2.084444,-45.714294,-45.714294,11.421875,11.312500,11.148438,11.296875,24.781250,24.843750,28.656250,26.468750,
5.382557,-2.187364,2.187364,-74.285736,-74.285736,11.226562,11.007812,11.156250,11.203125,30.812500,33.937500,25.281250,30.093750,
5.402539,-2.187364,2.187364,-120.000031,-120.000031,11.140625,11.046875,10.984375,11.203125,31.062500,33.000000,29.937500,29.625000,
5.422323,-2.239754,2.239754,-120.000031,-120.000031,10.976562,10.984375,10.945312,11.101562,34.468750,32.656250,21.781250,31.593750,
5.442480,-2.292764,2.292764,-171.428589,-171.428589,11.000000,10.898438,10.875000,11.148438,27.593750,33.468750,32.562500,29.812500,
5.462612,-2.292764,2.292764,-171.428589,-171.428589,10.960938,10.726562,10.960938,10.953125,30.343750,34.125000,30.562500,31.843750,
5.482547,-2.292764,2.292764,-245.714294,-245.714294,10.875000,10.843750,11.039062,11.078125,24.843750,28.468750,23.250000,31.468750,
5.502307,-2.292764,2.292764,-320.000000,-320.000000,11.046875,10.828125,11.171875,11.062500,32.593750,30.687500,24.062500,30.156250,
5.522506,-2.292764,2.292764,-320.000000,-320.000000,11.226562,11.000000,11.171875,11.132812,23.531250,29.437500,25.781250,27.093750,
5.542625,-2.292764,2.292764,-405.714294,-405.714294,11.273438,11.195312,11.320312,11.359375,24.437500,26.125000,22.687500,19.250000,
5.562611,-2.292764,2.292764,-497.142853,-497.142853,11.421875,11.328125,11.343750,11.414062,21.093750,22.062500,21.062500,18.500000,
5.582745,-2.292764,2.292764,-497.142853,-497.142853,11.445312,11.312500,11.406250,11.437500,21.406250,22.968750,18.437500,19.687500,
5.602587,-2.292764,2.292764,-594.285645,-594.285645,11.484375,11.390625,11.617188,11.664062,21.218750,19.812500,16.812500,15.406250,
5.623734,-2.292764,2.292764,-685.714233,-685.714233,11.671875,11.390625,11.632812,11.632812,16.968750,16.031250,16.125000,14.812500,
5.642328,-2.292764,2.292764,-685.714233,-685.714233,11.671875,11.507812,11.625000,11.585938,15.875000,15.125000,12.875000,14.031250,
5.662491,-2.292764,2.292764,-765.714294,-765.714294,11.687500,11.585938,11.773438,11.773438,16.781250,14.562500,13.343750,12.843750,
5.682319,-2.292764,2.292764,-765.714294,-765.714294,11.750000,11.460938,11.671875,11.664062,15.062500,13.500000,12.781250,12.406250,
5.702375,-2.292764,2.292764,-840.000000,-840.000000,11.773438,11.617188,11.796875,11.789062,14.125000,14.218750,11.562500,12.718750,
5.722561,-2.292764,2.292764,-897.142883,-897.142883,11.796875,11.492188,11.796875,11.796875,13.625000,12.343750,11.937500,9.593750,
5.742291,-2.292764,2.292764,-897.142883,-897.142883,11.859375,11.703125,11.742188,11.820312,13.031250,11.687500,9.093750,9.906250,
5.762531,-2.292764,2.292764,-960.000061,-960.000061,11.867188,11.687500,11.890625,11.906250,10.656250,11.125000,9.750000,10.062500,
5.782490,-2.292764,2.292764,-1011.428650,-1011.428650,11.968750,11.687500,11.921875,11.914062,10.656250,9.437500,9.531250,8.781250,
5.802332,-2.292764,2.292764,-1011.428650,-1011.428650,11.960938,11.796875,11.859375,11.851562,10.781250,9.500000,9.375000,7.625000,
5.822473,-2.292764,2.292764,-1051.428711,-1051.428711,11.937500,11.781250,11.804688,11.898438,9.281250,9.375000,9.125000,9.093750,
5.842238,-2.292764,2.292764,-1080.000244,-1080.000244,11.921875,11.687500,11.898438,11.992188,10.437500,9.187500,8.812500,8.406250,
5.863261,-2.292764,2.292764,-1080.000244,-1080.000244,11.976562,11.710938,11.937500,11.937500,10.406250,9.750000,10.156250,8.750000,
5.882529,-2.292764,2.292764,-1108.571533,-1108.571533,11.937500,11.828125,11.906250,11.898438,11.000000,11.656250,9.406250,7.906250,
5.902323,-2.292764,2.292764,-1131.428711,-1131.428711,11.929688,11.757812,11.851562,11.890625,10.000000,9.812500,9.500000,7.843750,
5.922524,-2.292764,2.292764,-1131.428711,-1131.428711,11.960938,11.718750,11.851562,11.960938,10.187500,8.968750,7.843750,8.312500,
5.942324,-2.292764,2.292764,-1148.571533,-1148.571533,12.046875,11.796875,11.945312,12.031250,9.562500,8.343750,8.875000,8.281250,
5.962545,-2.292764,2.292764,-1148.571533,-1148.571533,12.078125,11.875000,12.007812,12.039062,8.906250,8.375000,9.031250,8.500000,
5.982527,-2.292764,2.292764,-1165.714478,-1165.714478,12.031250,11.890625,12.031250,12.046875,8.937500,8.343750,8.906250,5.406250,
6.002497,-2.292764,2.292764,-1171.428589,-1171.428589,12.015625,11.890625,12.007812,11.976562,8.812500,8.000000,8.812500,8.562500,
6.022552,-2.292764,2.292764,-1171.428589,-1171.428589,12.062500,11.828125,11.937500,11.921875,9.250000,7.750000,8.750000,7.437500,
6.042510,-2.292764,2.292764,-1188.571411,-1188.571411,12.062500,11.789062,11.945312,11.960938,7.375000,7.281250,8.437500,7.687500,
6.062509,-2.292764,2.292764,-1194.285522,-1194.285522,12.093750,11.781250,11.898438,11.976562,8.937500,8.468750,8.375000,7.500000,
6.082462,-2.292764,2.292764,-1194.285522,-1194.285522,12.125000,11.882812,11.906250,12.062500,9.000000,6.937500,8.718750,3.375000,
6.103886,-2.292764,2.292764,-1205.714233,-1205.714233,12.101562,11.929688,11.937500,12.070312,9.531250,7.875000,8.375000,7.656250,
6.122544,-2.292764,2.292764,-1211.428467,-1211.428467,12.109375,11.976562,11.968750,12.125000,9.906250,8.062500,8.375000,0.000000,
6.142505,-2.292764,2.292764,-1211.428467,-1211.428467,12.125000,11.953125,12.031250,12.125000,8.718750,7.468750,8.875000,1.218750,
6.162365,-2.292764,2.292764,-1222.857056,-1222.857056,12.140625,11.992188,11.992188,12.125000,8.625000,8.968750,8.343750,1.437500,
6.182446,-2.292764,2.292764,-1222.857056,-1222.857056,12.085938,11.960938,12.023438,12.117188,8.281250,9.406250,8.812500,3.312500,
6.202343,-2.292764,2.292764,-1228.571289,-1228.571289,12.093750,11.835938,12.054688,12.078125,9.093750,9.000000,8.437500,8.343750,
6.223891,-2.292764,2.292764,-1234.285767,-1234.285767,12.125000,11.812500,12.070312,12.085938,9.250000,7.750000,4.156250,0.000000,
6.243696,-2.187364,2.187364,-1234.285767,-1234.285767,12.171875,11.835938,12.085938,12.125000,9.187500,6.843750,2.593750,5.062500,
6.262283,-2.187364,2.187364,-1245.714355,-1245.714355,12.257812,11.867188,12.132812,12.156250,0.031250,8.625000,0.000000,6.250000,
6.282545,-1.743754,1.743754,-1245.714355,-1245.714355,12.585938,11.992188,12.437500,12.218750,0.000000,0.156250,0.000000,0.000000,
6.302500,-0.379751,0.379751,-1245.714355,-1245.714355,13.187500,12.195312,13.078125,12.328125,0.000000,0.000000,0.000000,0.000000,
6.322538,-0.069750,0.069750,-1228.571411,-1228.571411,12.484375,12.421875,12.320312,12.476562,0.000000,0.000000,0.000000,0.000000,
6.345184,0.000000,-0.000000,-1159.999756,-1159.999756,12.531250,12.203125,12.257812,12.328125,0.000000,0.000000,0.000000,0.000000,
6.362658,0.019531,-0.019531,-1159.999756,-1159.999756,12.453125,12.210938,12.289062,12.289062,0.000000,0.000000,0.000000,0.000000,
6.382305,0.019531,-0.019531,-1114.285645,-1114.285645,12.476562,12.210938,12.250000,12.312500,0.125000,0.000000,0.062500,0.000000,
6.404537,0.019531,-0.019531,-1045.714111,-1045.714111,12.476562,12.210938,12.265625,12.320312,0.093750,0.031250,0.062500,0.062500,
6.423743,0.019531,-0.019531,-1045.714111,-1045.714111,12.476562,12.203125,12.250000,12.320312,0.125000,0.031250,0.062500,0.031250,
6.442674,0.019531,-0.019531,-965.714111,-965.714111,12.460938,12.203125,12.257812,12.296875,0.062500,0.062500,0.062500,0.062500,
6.462351,0.019531,-0.019531,-965.714111,-965.714111,12.460938,12.203125,12.242188,12.281250,0.062500,0.031250,0.062500,0.062500,
6.482477,0.019531,-0.019531,-874.285522,-874.285522,12.460938,12.210938,12.257812,12.281250,0.093750,0.031250,0.093750,0.093750,
6.502499,0.019531,-0.019531,-759.999878,-759.999878,12.460938,12.210938,12.265625,12.281250,0.093750,0.062500,0.062500,0.062500,
6.522344,0.019531,-0.019531,-759.999878,-759.999878,12.460938,12.210938,12.257812,12.289062,0.125000,0.062500,0.031250,0.093750,
6.542493,0.019531,-0.019531,-639.999878,-639.999878,12.468750,12.203125,12.250000,12.289062,0.062500,0.031250,0.093750,0.062500,
6.562503,0.019531,-0.019531,-542.856934,-542.856934,12.468750,12.210938,12.250000,12.281250,0.093750,0.062500,0.031250,0.062500,
6.582316,0.019531,-0.019531,-542.856934,-542.856934,12.468750,12.203125,12.257812,12.289062,0.062500,0.031250,0.031250,0.062500,
6.603847,0.019531,-0.019531,-468.571411,-468.571411,12.468750,12.210938,12.257812,12.289062,0.093750,0.031250,0.031250,0.062500,
6.622462,0.019531,-0.019531,-388.571289,-388.571289,12.460938,12.210938,12.250000,12.281250,0.093750,0.031250,0.062500,0.062500,
6.642504,0.019531,-0.019531,-388.571289,-388.571289,12.468750,12.210938,12.257812,12.304688,0.062500,0.062500,0.062500,0.093750,
6.662457,0.019531,-0.019531,-320.000000,-320.000000,12.468750,12.210938,12.257812,12.289062,0.093750,0.062500,0.031250,0.093750,
6.683717,0.019531,-0.019531,-320.000000,-320.000000,12.468750,12.210938,12.257812,12.289062,0.062500,0.031250,0.031250,0.062500,
6.702351,0.019531,-0.019531,-257.142944,-257.142944,12.460938,12.210938,12.257812,12.289062,0.093750,0.031250,0.062500,0.062500,
6.722337,0.019531,-0.019531,-194.285767,-194.285767,12.476562,12.210938,12.250000,12.289062,0.093750,0.031250,0.031250,0.062500,
6.744249,0.019531,-0.019531,-194.285767,-194.285767,12.468750,12.210938,12.257812,12.281250,0.062500,0.062500,0.062500,0.062500,
6.762504,0.019531,-0.019531,-148.571533,-148.571533,12.468750,12.210938,12.257812,12.281250,0.062500,0.031250,0.031250,0.062500,
6.782513,0.019531,-0.019531,-108.571533,-108.571533,12.468750,12.210938,12.257812,12.289062,0.093750,0.031250,0.062500,0.062500,
6.802418,0.019531,-0.019531,-108.571533,-108.571533,12.468750,12.210938,12.257812,12.289062,0.093750,0.031250,0.031250,0.062500,
6.822491,0.019531,-0.019531,-74.285767,-74.285767,12.476562,12.218750,12.265625,12.289062,0.093750,0.031250,0.031250,0.031250,
6.842576,0.019531,-0.019531,-62.857178,-62.857178,12.476562,12.210938,12.257812,12.289062,0.093750,0.062500,0.062500,0.062500,
6.862554,0.019531,-0.019531,-62.857178,-62.857178,12.468750,12.218750,12.257812,12.289062,0.093750,0.031250,0.031250,0.031250,
6.882307,0.019531,-0.019531,-34.285767,-34.285767,12.476562,12.218750,12.265625,12.289062,0.093750,0.031250,0.031250,0.062500,
6.902488,0.019531,-0.019531,-5.714355,-5.714355,12.476562,12.218750,12.273438,12.296875,0.125000,0.062500,0.031250,0.062500,
6.923641,0.019531,-0.019531,-5.714355,-5.714355,12.476562,12.218750,12.265625,12.296875,0.125000,0.031250,0.031250,0.062500,
6.942344,0.019531,-0.019531,5.714279,5.714279,12.476562,12.218750,12.273438,12.296875,0.093750,0.031250,0.031250,0.062500,
6.962747,0.019531,-0.019531,5.714279,5.714279,12.476562,12.218750,12.265625,12.296875,0.093750,0.031250,0.031250,0.062500,
6.982519,0.019531,-0.019531,5.714279,5.714279,12.476562,12.226562,12.265625,12.296875,0.125000,0.031250,0.031250,0.031250,
7.002342,0.019531,-0.019531,5.714279,5.714279,12.476562,12.226562,12.265625,12.296875,0.093750,0.062500,0.031250,0.062500,
7.022218,0.019531,-0.019531,5.714279,5.714279,12.476562,12.226562,12.265625,12.296875,0.093750,0.031250,0.031250,0.062500,
7.042448,0.019531,-0.019531,5.714279,5.714279,12.484375,12.218750,12.273438,12.296875,0.093750,0.031250,0.031250,0.062500,
7.062502,0.019531,-0.019531,5.714279,5.714279,12.476562,12.226562,12.265625,12.312500,0.093750,0.062500,0.031250,0.062500,
7.082434,0.019531,-0.019531,5.714279,5.714279,12.476562,12.226562,12.273438,12.304688,0.093750,0.031250,0.031250,0.062500,
7.102412,0.019531,-0.019531,5.714279,5.714279,12.484375,12.226562,12.265625,12.296875,0.093750,0.000000,0.031250,0.062500,
7.122322,0.019531,-0.019531,5.714279,5.714279,12.484375,12.234375,12.265625,12.296875,0.093750,0.031250,0.062500,0.031250,
7.142291,0.019531,-0.019531,5.714279,5.714279,12.484375,12.226562,12.281250,12.304688,0.093750,0.031250,0.031250,0.093750,
7.162271,0.019531,-0.019531,0.000000,0.000000,12.484375,12.226562,12.281250,12.296875,0.093750,0.031250,0.000000,0.062500,
7.183663,0.019531,-0.019531,0.000000,0.000000,12.484375,12.226562,12.273438,12.304688,0.093750,0.031250,0.062500,0.062500,
7.202464,0.019531,-0.019531,0.000000,0.000000,12.484375,12.226562,12.265625,12.304688,0.093750,0.000000,0.062500,0.062500,
7.222495,0.019531,-0.019531,0.000000,0.000000,12.492188,12.226562,12.273438,12.304688,0.093750,0.031250,0.062500,0.031250,
7.242478,0.019531,-0.019531,0.000000,0.000000,12.484375,12.234375,12.273438,12.304688,0.093750,0.000000,0.031250,0.031250,
7.262346,0.019531,-0.019531,0.000000,0.000000,12.492188,12.234375,12.273438,12.304688,0.093750,0.031250,0.000000,0.031250,
7.283642,0.019531,-0.019531,0.000000,0.000000,12.492188,12.234375,12.289062,12.304688,0.093750,0.031250,0.031250,0.062500,
7.302453,0.019531,-0.019531,0.000000,0.000000,12.492188,12.234375,12.281250,12.312500,0.093750,0.031250,0.031250,0.031250,
7.323036,0.019531,-0.019531,0.000000,0.000000,12.492188,12.226562,12.273438,12.304688,0.093750,0.031250,0.031250,0.031250,
7.342573,0.019531,-0.019531,0.000000,0.000000,12.492188,12.234375,12.273438,12.304688,0.093750,0.031250,0.031250,0.093750,
7.362491,0.019531,-0.019531,0.000000,0.000000,12.492188,12.242188,12.281250,12.312500,0.093750,0.031250,0.031250,0.093750,
7.382513,0.019531,-0.019531,0.000000,0.000000,12.500000,12.234375,12.273438,12.312500,0.093750,0.062500,0.062500,0.093750,
7.402333,0.009529,-0.024719,0.000000,0.000000,12.500000,12.234375,12.281250,12.304688,0.000000,0.031250,0.062500,0.093750,
7.422469,-0.075721,-0.100440,0.000000,0.000000,12.484375,12.234375,12.281250,12.304688,0.000000,0.000000,0.093750,0.093750,
7.442520,-0.422922,-0.447641,0.000000,0.000000,12.429688,12.234375,12.226562,12.312500,0.000000,0.000000,0.156250,0.093750,
7.462470,-0.781592,-0.806312,0.000000,0.000000,12.390625,12.156250,12.171875,12.242188,0.093750,0.093750,0.000000,0.187500,
7.482498,-1.325643,-1.350363,-11.428572,-11.428572,12.359375,12.179688,11.984375,12.179688,0.062500,0.000000,0.250000,0.093750,
7.502413,-1.765844,-1.790564,-45.714287,-45.714287,12.289062,12.101562,11.648438,11.742188,0.062500,0.000000,26.125000,21.093750,
7.522488,-1.959285,-1.984004,-45.714287,-45.714287,11.460938,11.351562,11.500000,11.671875,34.843750,34.375000,29.343750,26.906250,
7.542506,-2.375926,-2.400645,-62.857143,-62.857143,11.320312,11.296875,11.273438,11.398438,35.906250,29.937500,30.406250,18.656250,
7.562472,-2.542396,-2.567115,-80.000000,-80.000000,11.187500,10.976562,11.296875,11.117188,35.312500,32.875000,26.687500,30.687500,
7.582489,-2.542396,-2.567115,-80.000000,-80.000000,11.000000,10.929688,10.992188,11.015625,38.812500,34.406250,32.656250,33.375000,
7.602428,-2.656476,-2.681195,-114.285713,-114.285713,10.875000,10.804688,10.976562,10.937500,41.343750,36.750000,26.718750,33.968750,
7.622453,-2.773036,-2.797756,-154.285706,-154.285706,10.750000,10.523438,10.867188,10.921875,42.812500,41.781250,38.625000,27.843750,
7.642521,-2.773036,-2.797756,-154.285706,-154.285706,10.757812,10.687500,10.898438,11.046875,39.781250,35.968750,37.000000,30.375000,
7.662477,-2.892077,-2.916796,-205.714279,-205.714279,10.875000,10.429688,10.976562,10.906250,35.781250,44.093750,31.125000,33.031250,
7.683725,-2.952527,-2.977246,-205.714279,-205.714279,10.859375,10.656250,10.828125,10.593750,36.656250,39.375000,37.875000,33.812500,
7.702324,-2.952527,-2.977246,-274.285706,-274.285706,10.601562,10.539062,10.867188,10.562500,36.875000,33.906250,34.625000,41.843750,
7.722495,-2.952527,-2.977246,-348.571442,-348.571442,10.476562,10.523438,10.781250,10.406250,46.125000,44.343750,35.531250,35.187500,
7.742568,-3.013597,-3.038316,-348.571442,-348.571442,10.750000,10.453125,10.851562,10.632812,39.406250,34.906250,32.062500,34.843750,
7.762303,-3.013597,-3.038316,-411.428558,-411.428558,10.937500,10.632812,10.812500,10.820312,33.406250,37.906250,37.781250,31.781250,
7.782428,-3.013597,-3.038316,-502.857147,-502.857147,10.789062,10.679688,10.843750,10.882812,32.375000,30.593750,32.437500,32.781250,
7.802301,-3.013597,-3.038316,-502.857147,-502.857147,11.000000,10.679688,10.859375,10.796875,32.343750,27.062500,36.625000,33.062500,
7.822707,-3.013597,-3.038316,-605.714294,-605.714294,10.960938,10.742188,10.757812,10.890625,30.906250,35.468750,37.468750,26.875000,
7.842287,-3.013597,-3.038316,-697.142883,-697.142883,11.117188,10.687500,11.062500,10.953125,31.531250,35.531250,27.156250,26.250000,
7.862515,-3.013597,-3.038316,-697.142883,-697.142883,10.937500,10.882812,10.968750,11.070312,34.312500,32.125000,24.218750,26.062500,
7.882454,-3.013597,-3.038316,-782.857178,-782.857178,11.078125,10.765625,11.023438,11.132812,27.843750,33.937500,27.406250,24.562500,
7.905181,-3.013597,-3.038316,-868.571472,-868.571472,11.226562,10.921875,11.234375,11.164062,30.312500,30.156250,21.500000,22.281250,
7.924868,-3.013597,-3.038316,-868.571472,-868.571472,11.328125,10.984375,11.070312,11.179688,28.218750,25.718750,24.500000,20.562500,
7.942256,-3.013597,-3.038316,-942.857239,-942.857239,11.351562,10.992188,11.156250,11.195312,28.218750,28.343750,20.812500,21.250000,
7.963754,-3.013597,-3.038316,-942.857239,-942.857239,11.515625,11.171875,11.250000,11.312500,18.687500,23.531250,20.031250,19.156250,
7.982482,-3.013597,-3.038316,-1011.428711,-1011.428711,11.531250,11.250000,11.140625,11.296875,21.687500,16.718750,22.312500,17.281250,
8.002490,-3.013597,-3.038316,-1074.285889,-1074.285889,11.585938,11.242188,11.195312,11.343750,15.281250,18.000000,22.531250,20.375000,
8.022529,-3.013597,-3.038316,-1074.285889,-1074.285889,11.578125,11.171875,11.164062,11.390625,23.093750,15.843750,22.218750,18.375000,
8.042522,-2.892077,-2.916796,-1131.428467,-1131.428467,11.664062,11.148438,11.273438,11.343750,18.656250,16.125000,20.625000,21.750000,
8.062463,-0.982473,-1.007192,-1177.142822,-1177.142822,12.921875,11.250000,12.851562,11.484375,0.000000,15.187500,0.000000,17.687500,
8.083813,0.024719,-0.024719,-1177.142822,-1177.142822,12.351562,12.156250,12.164062,12.242188,0.125000,0.000000,0.093750,0.000000,
8.102659,0.024719,-0.024719,-1131.428589,-1131.428589,12.367188,12.117188,12.164062,12.187500,0.125000,0.093750,0.125000,0.093750,
8.122612,0.024719,-0.024719,-1097.143066,-1097.143066,12.390625,12.125000,12.187500,12.210938,0.125000,0.093750,0.093750,0.156250,
8.144005,0.024719,-0.024719,-1097.143066,-1097.143066,12.382812,12.132812,12.187500,12.218750,0.125000,0.093750,0.093750,0.093750,
8.162461,0.024719,-0.024719,-1028.571411,-1028.571411,12.390625,12.156250,12.187500,12.281250,0.156250,0.093750,0.062500,0.093750,
8.184867,0.024719,-0.024719,-1028.571411,-1028.571411,12.390625,12.148438,12.187500,12.226562,0.125000,0.093750,0.093750,0.125000,
8.202541,0.024719,-0.024719,-948.571472,-948.571472,12.406250,12.148438,12.187500,12.226562,0.156250,0.125000,0.093750,0.093750,
8.222504,0.024719,-0.024719,-840.000122,-840.000122,12.398438,12.156250,12.187500,12.226562,0.125000,0.093750,0.093750,0.156250,
8.242440,0.024719,-0.024719,-840.000122,-840.000122,12.406250,12.156250,12.210938,12.226562,0.125000,0.062500,0.062500,0.125000,
8.262309,0.030518,-0.030518,-708.571411,-708.571411,12.406250,12.156250,12.195312,12.226562,0.156250,0.093750,0.125000,0.093750,
8.282479,0.051575,-0.051575,-560.000000,-560.000000,12.414062,12.156250,12.203125,12.234375,0.125000,0.125000,0.125000,0.125000,
8.302511,0.051575,-0.051575,-560.000000,-560.000000,12.414062,12.156250,12.203125,12.242188,0.125000,0.062500,0.125000,0.125000,
8.323024,0.059814,-0.059814,-400.000000,-400.000000,12.414062,12.164062,12.203125,12.234375,0.093750,0.062500,0.093750,0.156250,
8.342663,0.059814,-0.059814,-320.000000,-320.000000,12.421875,12.164062,12.210938,12.242188,0.093750,0.031250,0.093750,0.125000,
8.362463,0.059814,-0.059814,-320.000000,-320.000000,12.421875,12.171875,12.210938,12.242188,0.062500,0.031250,0.093750,0.062500,
8.382470,0.059814,-0.059814,-228.571411,-228.571411,12.421875,12.164062,12.203125,12.242188,0.093750,0.062500,0.125000,0.125000,
8.403648,0.059814,-0.059814,-160.000000,-160.000000,12.421875,12.164062,12.210938,12.250000,0.093750,0.062500,0.093750,0.093750,
8.422512,0.068665,-0.068665,-160.000000,-160.000000,12.421875,12.171875,12.218750,12.234375,0.093750,0.031250,0.125000,0.031250,
8.442615,0.068665,-0.068665,-97.142761,-97.142761,12.429688,12.179688,12.218750,12.250000,0.031250,0.062500,0.000000,0.062500,
8.462523,0.098877,-0.098877,-97.142761,-97.142761,12.429688,12.171875,12.218750,12.242188,0.281250,0.000000,0.031250,0.000000,
8.482545,0.161438,-0.161438,-51.428467,-51.428467,12.382812,12.179688,12.140625,12.250000,0.000000,0.125000,0.000000,0.000000,
8.503713,0.440674,-0.440674,-22.857056,-22.857056,12.265625,12.078125,12.117188,12.203125,0.718750,0.000000,0.218750,0.000000,
8.522701,0.793762,-0.793762,-22.857056,-22.857056,12.117188,11.960938,11.960938,12.179688,0.312500,0.093750,0.125000,0.031250,
8.542468,1.062317,-1.062317,0.000000,0.000000,12.007812,11.867188,11.781250,11.960938,1.687500,0.218750,2.843750,0.218750,
8.562506,1.369934,-1.369934,17.142822,17.142822,11.789062,11.648438,11.617188,11.718750,24.812500,20.031250,22.968750,19.093750,
8.582396,1.626282,-1.626282,17.142822,17.142822,11.554688,11.531250,11.406250,11.578125,30.281250,27.906250,27.218750,27.000000,
8.602623,1.626282,-1.626282,34.285706,34.285706,11.382812,11.335938,11.210938,11.289062,29.843750,27.968750,29.843750,29.718750,
8.622663,1.762695,-1.762695,57.142883,57.142883,11.320312,11.281250,11.023438,11.304688,22.687500,25.968750,30.687500,29.937500,
8.642504,1.762695,-1.762695,57.142883,57.142883,11.164062,11.023438,11.023438,11.164062,21.687500,30.250000,32.437500,28.250000,
8.663624,1.953125,-1.953125,97.142883,97.142883,11.125000,10.992188,10.859375,11.140625,30.593750,31.593750,35.375000,25.343750,
8.682439,2.002258,-2.002258,97.142883,97.142883,10.984375,10.984375,10.945312,10.945312,32.656250,31.468750,22.875000,32.718750,
8.702550,2.102356,-2.102356,148.571442,148.571442,11.109375,10.984375,10.929688,10.945312,31.093750,27.281250,31.218750,29.875000,
8.722912,2.102356,-2.102356,211.428589,211.428589,11.171875,10.890625,10.945312,11.062500,26.843750,32.000000,29.750000,28.687500,
8.742714,2.102356,-2.102356,211.428589,211.428589,11.242188,11.101562,11.171875,11.187500,26.625000,29.843750,25.031250,24.031250,
8.762399,2.102356,-2.102356,291.428589,291.428589,11.304688,11.132812,11.203125,11.210938,25.187500,23.093750,25.281250,22.000000,
8.782493,2.102356,-2.102356,377.142883,377.142883,11.390625,11.296875,11.281250,11.210938,20.937500,20.156250,20.593750,19.500000,
8.802313,2.102356,-2.102356,377.142883,377.142883,11.414062,11.289062,11.320312,11.335938,22.937500,25.375000,19.250000,17.625000,
8.822446,2.102356,-2.102356,457.142914,457.142914,11.515625,11.437500,11.484375,11.359375,19.281250,20.093750,19.718750,17.312500,
8.843576,2.102356,-2.102356,542.857239,542.857239,11.593750,11.507812,11.539062,11.476562,18.125000,17.562500,14.031250,15.156250,
8.862436,2.102356,-2.102356,542.857239,542.857239,11.671875,11.546875,11.554688,11.492188,15.343750,17.281250,14.187500,14.875000,
8.882504,2.102356,-2.102356,634.285767,634.285767,11.718750,11.625000,11.562500,11.492188,13.781250,16.125000,13.937500,15.031250,
8.902476,2.102356,-2.102356,708.571472,708.571472,11.773438,11.625000,11.671875,11.554688,14.437500,14.156250,14.781250,15.343750,
8.923779,2.102356,-2.102356,708.571472,708.571472,11.765625,11.531250,11.765625,11.632812,14.718750,15.218750,14.000000,12.375000,
8.942427,2.102356,-2.102356,777.142944,777.142944,11.734375,11.539062,11.679688,11.671875,14.375000,14.281250,13.656250,12.343750,
8.962475,2.102356,-2.102356,777.142944,777.142944,11.789062,11.734375,11.656250,11.640625,13.906250,12.093750,12.843750,10.343750,
8.982432,2.102356,-2.102356,840.000122,840.000122,11.898438,11.710938,11.835938,11.757812,12.406250,12.531250,10.250000,9.906250,
9.002571,2.102356,-2.102356,885.714355,885.714355,11.898438,11.718750,11.796875,11.781250,10.218750,10.468750,10.375000,11.187500,
9.022711,2.102356,-2.102356,885.714355,885.714355,11.945312,11.835938,11.867188,11.750000,11.187500,10.718750,10.593750,9.218750,
9.042473,2.102356,-2.102356,925.714355,925.714355,11.929688,11.710938,11.812500,11.843750,10.218750,9.937500,10.375000,9.500000,
9.062300,1.411133,-1.411133,965.714355,965.714355,12.507812,11.859375,12.304688,11.703125,0.000000,10.562500,0.000000,9.093750,
9.082441,0.078125,-0.078125,965.714355,965.714355,12.468750,12.164062,12.335938,12.289062,0.000000,0.000000,0.000000,0.000000,
9.102456,0.078125,-0.078125,954.285767,954.285767,12.445312,12.148438,12.320312,12.234375,0.000000,0.000000,0.000000,0.000000,
9.122466,0.078125,-0.078125,908.571472,908.571472,12.515625,12.218750,12.375000,12.289062,0.000000,0.000000,0.000000,0.000000,
9.142431,0.078125,-0.078125,908.571472,908.571472,12.460938,12.203125,12.320312,12.320312,0.000000,0.000000,0.000000,0.000000,
9.162468,0.068665,-0.068665,880.000000,880.000000,12.429688,12.203125,12.210938,12.289062,0.062500,0.000000,0.062500,0.000000,
9.182645,0.068665,-0.068665,880.000000,880.000000,12.445312,12.148438,12.250000,12.242188,0.000000,0.000000,0.000000,0.000000,
9.202519,0.068665,-0.068665,822.857178,822.857178,12.437500,12.164062,12.250000,12.257812,0.000000,0.000000,0.000000,0.000000,
9.222519,0.068665,-0.068665,742.857117,742.857117,12.445312,12.195312,12.265625,12.250000,0.000000,0.000000,0.000000,0.000000,
9.242470,0.068665,-0.068665,742.857117,742.857117,12.437500,12.179688,12.289062,12.265625,0.000000,0.000000,0.000000,0.000000,
9.262630,0.068665,-0.068665,668.571533,668.571533,12.437500,12.171875,12.265625,12.257812,0.000000,0.000000,0.000000,0.000000,
9.282466,0.068665,-0.068665,577.142944,577.142944,12.437500,12.171875,12.250000,12.250000,0.000000,0.000000,0.000000,0.000000,
9.302303,0.068665,-0.068665,577.142944,577.142944,12.445312,12.171875,12.234375,12.257812,0.000000,0.000000,0.000000,0.000000,
9.322798,0.068665,-0.068665,474.285645,474.285645,12.445312,12.179688,12.234375,12.257812,0.000000,0.000000,0.000000,0.000000,
9.342470,0.068665,-0.068665,400.000000,400.000000,12.445312,12.179688,12.234375,12.250000,0.000000,0.000000,0.000000,0.000000,
9.362564,0.068665,-0.068665,400.000000,400.000000,12.437500,12.179688,12.234375,12.257812,0.000000,0.000000,0.000000,0.000000,
9.382616,0.068665,-0.068665,342.857178,342.857178,12.445312,12.187500,12.234375,12.265625,0.000000,0.000000,0.000000,0.000000,
9.402511,0.068665,-0.068665,268.571533,268.571533,12.429688,12.187500,12.234375,12.257812,0.000000,0.000000,0.000000,0.000000,
9.422875,0.068665,-0.068665,268.571533,268.571533,12.437500,12.187500,12.234375,12.257812,0.000000,0.000000,0.000000,0.000000,
9.442455,0.068665,-0.068665,211.428589,211.428589,12.445312,12.171875,12.218750,12.250000,0.000000,0.000000,0.000000,0.000000,
9.462265,0.068665,-0.068665,211.428589,211.428589,12.445312,12.195312,12.234375,12.250000,0.000000,0.000000,0.000000,0.000000,
9.482321,0.068665,-0.068665,171.428528,171.428528,12.445312,12.179688,12.242188,12.265625,0.000000,0.000000,0.000000,0.000000,
9.502534,0.068665,-0.068665,125.714294,125.714294,12.453125,12.195312,12.226562,12.265625,0.000000,0.000000,0.000000,0.000000,
9.522300,0.068665,-0.068665,125.714294,125.714294,12.445312,12.195312,12.234375,12.257812,0.031250,0.000000,0.000000,0.000000,
9.543616,0.068665,-0.068665,85.714294,85.714294,12.453125,12.195312,12.250000,12.257812,0.000000,0.000000,0.000000,0.031250,
9.562301,0.068665,-0.068665,57.142883,57.142883,12.445312,12.203125,12.234375,12.265625,0.000000,0.000000,0.000000,0.000000,
9.582414,0.068665,-0.068665,57.142883,57.142883,12.453125,12.203125,12.226562,12.273438,0.000000,0.000000,0.000000,0.000000,
9.602490,0.068665,-0.068665,40.000000,40.000000,12.453125,12.195312,12.234375,12.273438,0.031250,0.000000,0.000000,0.031250,
9.622463,0.068665,-0.068665,28.571411,28.571411,12.453125,12.203125,12.242188,12.265625,0.031250,0.000000,0.000000,0.000000,
9.642496,0.068665,-0.068665,28.571411,28.571411,12.460938,12.203125,12.242188,12.273438,0.031250,0.000000,0.000000,0.000000,
9.662485,0.068665,-0.068665,17.142822,17.142822,12.460938,12.203125,12.250000,12.273438,0.031250,0.000000,0.000000,0.000000,
9.682554,0.068665,-0.068665,17.142822,17.142822,12.460938,12.203125,12.250000,12.281250,0.031250,0.000000,0.000000,0.000000,
9.705639,0.068665,-0.068665,11.428558,11.428558,12.468750,12.203125,12.242188,12.281250,0.000000,0.000000,0.000000,0.000000,
9.722484,0.068665,-0.068665,5.714279,5.714279,12.460938,12.203125,12.242188,12.281250,0.000000,0.000000,0.000000,0.000000,
9.743698,0.068665,-0.068665,5.714279,5.714279,12.460938,12.203125,12.242188,12.273438,0.031250,0.000000,0.000000,0.000000,
9.762480,0.068665,-0.068665,0.000000,0.000000,12.460938,12.203125,12.250000,12.281250,0.031250,0.000000,0.000000,0.031250,
9.782313,0.068665,-0.068665,0.000000,0.000000,12.460938,12.203125,12.250000,12.281250,0.000000,0.000000,0.000000,0.000000,
9.802443,0.068665,-0.068665,0.000000,0.000000,12.468750,12.210938,12.250000,12.289062,0.031250,0.000000,0.000000,0.000000,
9.822545,0.068665,-0.068665,0.000000,0.000000,12.460938,12.210938,12.250000,12.289062,0.000000,0.000000,0.000000,0.031250,
9.842519,0.068665,-0.068665,0.000000,0.000000,12.460938,12.203125,12.250000,12.281250,0.000000,0.000000,0.000000,0.000000,
9.864010,0.068665,-0.068665,0.000000,0.000000,12.468750,12.210938,12.257812,12.281250,0.031250,0.000000,0.000000,0.031250,
9.882461,0.068665,-0.068665,0.000000,0.000000,12.460938,12.210938,12.250000,12.281250,0.031250,0.000000,0.000000,0.000000,
