Time,TargetLocked,VisionDriveActive,Distance,DistanceError,AngleError,Speed,Omega
0.000831,1,0,7.372548,2.627452,0.527748,0.000000,0.000000
0.020153,1,0,7.312394,2.687606,0.502876,0.000000,0.000000
0.040120,1,0,7.312394,2.687606,0.502876,0.000000,0.000000
0.060141,1,0,7.312394,2.687606,0.502876,0.000000,0.000000
0.080105,1,0,7.372548,2.627452,0.527748,0.000000,0.000000
0.100062,1,0,7.372548,2.627452,0.527748,0.000000,0.000000
0.120129,1,0,7.264731,2.735269,0.331223,0.000000,0.000000
0.140637,1,0,7.264731,2.735269,0.331223,0.000000,0.000000
0.160160,1,0,7.372548,2.627452,0.527748,0.000000,0.000000
0.180086,1,0,7.372548,2.627452,0.527748,0.000000,0.000000
0.200083,1,0,7.264731,2.735269,0.331223,0.000000,0.000000
0.220252,1,0,7.263465,2.736535,0.527748,0.000000,0.000000
0.240361,1,0,7.372548,2.627452,0.527748,0.000000,0.000000
0.260104,1,0,7.264731,2.735269,0.331223,0.000000,0.000000
0.280072,1,0,7.264731,2.735269,0.331223,0.000000,0.000000
0.300104,1,0,7.312394,2.687606,0.502876,0.000000,0.000000
0.320132,1,0,7.312394,2.687606,0.502876,0.000000,0.000000
0.340155,1,0,7.312394,2.687606,0.502876,0.000000,0.000000
0.360113,1,0,7.264731,2.735269,0.331223,0.000000,0.000000
0.380675,1,0,7.263465,2.736535,0.437683,0.000000,0.000000
0.400285,1,0,7.312394,2.687606,0.502876,0.000000,0.000000
0.420209,1,0,7.372548,2.627452,0.527748,0.000000,0.000000
0.440101,1,0,7.372548,2.627452,0.527748,0.000000,0.000000
0.460132,1,0,7.312394,2.687606,0.502876,0.000000,0.000000
0.480095,1,0,7.264731,2.735269,0.331223,0.000000,0.000000
0.500077,1,0,7.312394,2.687606,0.502876,0.000000,0.000000
0.520096,1,0,7.372548,2.627452,0.527748,0.000000,0.000000
0.540109,1,0,7.372548,2.627452,0.527748,0.000000,0.000000
0.560125,1,0,7.372548,2.627452,0.527748,0.000000,0.000000
0.580058,1,0,7.372548,2.627452,0.527748,0.000000,0.000000
0.600083,1,0,7.312394,2.687606,0.502876,0.000000,0.000000
0.620126,1,0,7.372548,2.627452,0.527748,0.000000,0.000000
0.640115,1,0,7.372548,2.627452,0.527748,0.000000,0.000000
0.660189,1,0,7.372548,2.627452,0.527748,0.000000,0.000000
0.680057,1,0,7.372548,2.627452,0.527748,0.000000,0.000000
0.700150,1,0,7.372548,2.627452,0.527748,0.000000,0.000000
0.720082,1,0,7.264731,2.735269,0.331223,0.000000,0.000000
0.740138,1,0,7.264731,2.735269,0.331223,0.000000,0.000000
0.760104,1,0,7.264731,2.735269,0.331223,0.000000,0.000000
0.780109,1,0,7.372548,2.627452,0.527748,0.000000,0.000000
0.800172,1,0,7.264731,2.735269,0.331223,0.000000,0.000000
0.820100,1,0,7.264731,2.735269,0.331223,0.000000,0.000000
0.840154,1,0,7.330958,2.669042,0.353493,0.000000,0.000000
0.860138,1,0,7.372548,2.627452,0.527748,0.000000,0.000000
0.880106,1,0,7.372548,2.627452,0.527748,0.000000,0.000000
0.900153,1,0,7.372548,2.627452,0.527748,0.000000,0.000000
0.920097,1,0,7.264731,2.735269,0.331223,0.000000,0.000000
0.940095,1,0,7.312394,2.687606,0.502876,0.000000,0.000000
0.960141,1,0,7.372548,2.627452,0.527748,0.000000,0.000000
0.980102,1,0,7.372548,2.627452,0.527748,0.000000,0.000000
1.000168,1,0,7.263465,2.736535,0.437683,0.000000,0.000000
1.020167,1,0,7.372548,2.627452,0.527748,0.000000,0.000000
1.040100,1,0,7.264731,2.735269,0.331223,0.000000,0.000000
1.060096,1,0,7.372548,2.627452,0.527748,0.000000,0.000000
1.080081,1,0,7.312394,2.687606,0.502876,0.000000,0.000000
1.100253,1,0,7.372548,2.627452,0.527748,0.000000,0.000000
1.120702,1,0,7.264731,2.735269,0.331223,0.000000,0.000000
1.140146,1,0,7.263465,2.736535,0.437683,0.000000,0.000000
1.160225,1,0,7.264731,2.735269,0.331223,0.000000,0.000000
1.180061,1,0,7.372548,2.627452,0.527748,0.000000,0.000000
1.200142,1,0,7.264731,2.735269,0.331223,0.000000,0.000000
1.220103,1,0,7.372548,2.627452,0.527748,0.000000,0.000000
1.240129,1,0,7.264731,2.735269,0.331223,0.000000,0.000000
1.260115,1,0,7.264731,2.735269,0.331223,0.000000,0.000000
1.280091,1,0,7.372548,2.627452,0.527748,0.000000,0.000000
1.300215,1,0,7.312394,2.687606,0.502876,0.000000,0.000000
1.320096,1,0,7.372548,2.627452,0.527748,0.000000,0.000000
1.340096,1,0,7.263465,2.736535,0.437683,0.000000,0.000000
1.360462,1,0,7.263465,2.736535,0.437683,0.000000,0.000000
1.380486,1,0,7.372548,2.627452,0.527748,0.000000,0.000000
1.400191,1,0,7.264731,2.735269,0.331223,0.000000,0.000000
1.420095,1,0,7.312394,2.687606,0.502876,0.000000,0.000000
1.440075,1,0,7.312394,2.687606,0.502876,0.000000,0.000000
1.460976,1,0,7.264731,2.735269,0.331223,0.000000,0.000000
1.480147,1,0,7.263465,2.736535,0.437683,0.000000,0.000000
1.500079,1,0,7.312394,2.687606,0.502876,0.000000,0.000000
1.520183,1,0,7.372548,2.627452,0.527748,0.000000,0.000000
1.540063,1,0,7.372548,2.627452,0.527748,0.000000,0.000000
1.560073,1,0,7.264731,2.735269,0.331223,0.000000,0.000000
1.580167,1,0,7.263465,2.736535,0.437683,0.000000,0.000000
1.600129,1,0,7.372548,2.627452,0.527748,0.000000,0.000000
1.620195,1,0,7.312394,2.687606,0.502876,0.000000,0.000000
1.640091,1,0,7.264731,2.735269,0.331223,0.000000,0.000000
1.660085,1,0,7.263465,2.736535,0.437683,0.000000,0.000000
1.680142,1,0,7.264731,2.735269,0.331223,0.000000,0.000000
1.700242,1,0,7.264731,2.735269,0.331223,0.000000,0.000000
1.720139,1,0,7.312394,2.687606,0.502876,0.000000,0.000000
1.740163,1,0,7.372548,2.627452,0.527748,0.000000,0.000000
1.760135,1,0,7.312394,2.687606,0.502876,0.000000,0.000000
1.780111,1,0,7.263465,2.736535,0.437683,0.000000,0.000000
1.800141,1,0,7.264731,2.735269,0.331223,0.000000,0.000000
1.820121,1,0,7.372548,2.627452,0.527748,0.000000,0.000000
1.840208,1,0,7.264731,2.735269,0.331223,0.000000,0.000000
1.860061,1,0,7.263465,2.736535,0.437683,0.000000,0.000000
1.880134,1,0,7.264731,2.735269,0.331223,0.000000,0.000000
1.900082,1,0,7.312394,2.687606,0.502876,0.000000,0.000000
1.920071,1,0,7.264731,2.735269,0.331223,0.000000,0.000000
1.940113,1,0,7.264731,2.735269,0.331223,0.000000,0.000000
1.960063,1,0,7.263465,2.736535,0.437683,0.000000,0.000000
1.980183,1,0,7.264731,2.735269,0.331223,0.000000,0.000000
2.000108,1,0,7.372548,2.627452,0.527748,0.000000,0.000000
2.020121,1,0,7.263465,2.736535,0.437683,0.000000,0.000000
2.040097,1,0,7.263465,2.736535,0.437683,0.000000,0.000000
2.060182,1,0,7.372548,2.627452,0.527748,0.000000,0.000000
2.080169,1,0,7.312394,2.687606,0.502876,0.000000,0.000000
2.100118,1,0,7.263465,2.736535,0.437683,0.000000,0.000000
2.120224,1,0,7.312394,2.687606,0.502876,0.000000,0.000000
2.140103,1,0,7.312394,2.687606,0.502876,0.000000,0.000000
2.160083,1,0,7.263465,2.736535,0.437683,0.000000,0.000000
2.180164,1,0,7.263465,2.736535,0.437683,0.000000,0.000000
2.200084,1,0,7.263465,2.736535,0.437683,0.000000,0.000000
2.220111,1,0,7.264731,2.735269,0.331223,0.000000,0.000000
2.240080,1,0,7.312394,2.687606,0.502876,0.000000,0.000000
2.260176,1,0,7.372548,2.627452,0.527748,0.000000,0.000000
2.280101,1,0,7.312394,2.687606,0.502876,0.000000,0.000000
2.300096,1,0,7.264731,2.735269,0.331223,0.000000,0.000000
2.320112,1,0,7.264731,2.735269,0.331223,0.000000,0.000000
2.340102,1,0,7.372548,2.627452,0.527748,0.000000,0.000000
2.360111,1,0,7.312394,2.687606,0.502876,0.000000,0.000000
2.380929,1,0,7.372548,2.627452,0.527748,0.000000,0.000000
2.400100,1,0,7.264731,2.735269,0.331223,0.000000,0.000000
2.420135,1,0,7.263465,2.736535,0.437683,0.000000,0.000000
2.440128,1,0,7.263465,2.736535,0.437683,0.000000,0.000000
2.460178,1,0,7.264731,2.735269,0.331223,0.000000,0.000000
2.480091,1,0,7.312394,2.687606,0.502876,0.000000,0.000000
2.500101,1,0,7.264731,2.735269,0.331223,0.000000,0.000000
2.520106,1,0,7.372548,2.627452,0.527748,0.000000,0.000000
2.540058,1,0,7.264731,2.735269,0.331223,0.000000,0.000000
2.560181,1,0,7.372548,2.627452,0.527748,0.000000,0.000000
2.580580,1,0,7.372548,2.627452,0.527748,0.000000,0.000000
2.600101,1,0,7.263465,2.736535,0.437683,0.000000,0.000000
2.620107,1,0,7.312394,2.687606,0.502876,0.000000,0.000000
2.640057,1,0,7.372548,2.627452,0.527748,0.000000,0.000000
2.660110,1,0,7.312394,2.687606,0.502876,0.000000,0.000000
2.680117,1,0,7.377667,2.622333,0.529846,0.000000,0.000000
2.700153,1,0,7.264731,2.735269,0.331223,0.000000,0.000000
2.720143,1,0,7.264731,2.735269,0.331223,0.000000,0.000000
2.740071,1,0,7.264731,2.735269,0.331223,0.000000,0.000000
2.760111,1,0,7.264731,2.735269,0.331223,0.000000,0.000000
2.780144,1,0,7.263465,2.736535,0.437683,0.000000,0.000000
2.800064,1,0,7.264731,2.735269,0.331223,0.000000,0.000000
2.820166,1,0,7.372548,2.627452,0.527748,0.000000,0.000000
2.840174,1,0,7.372548,2.627452,0.527748,0.000000,0.000000
2.860165,1,0,7.372548,2.627452,0.527748,0.000000,0.000000
2.880138,1,0,7.264731,2.735269,0.331223,0.000000,0.000000
2.900061,1,0,7.263465,2.736535,0.437683,0.000000,0.000000
2.920139,1,0,7.372548,2.627452,0.527748,0.000000,0.000000
2.940113,1,0,7.377667,2.622333,0.529846,0.000000,0.000000
2.960101,1,0,7.372548,2.627452,0.527748,0.000000,0.000000
2.980107,1,0,7.312394,2.687606,0.502876,0.000000,0.000000
3.000057,1,0,7.263465,2.736535,0.437683,0.000000,0.000000
3.020149,1,0,7.372548,2.627452,0.527748,0.000000,0.000000
3.040177,1,0,7.264731,2.735269,0.331223,0.000000,0.000000
3.060168,1,0,7.312394,2.687606,0.502876,0.000000,0.000000
3.080082,1,0,7.312394,2.687606,0.502876,0.000000,0.000000
3.100098,1,0,7.263465,2.736535,0.437683,0.000000,0.000000
3.120083,1,0,7.312394,2.687606,0.502876,0.000000,0.000000
3.140138,1,0,7.264731,2.735269,0.331223,0.000000,0.000000
3.160140,1,0,7.263465,2.736535,0.437683,0.000000,0.000000
3.180116,1,0,7.264731,2.735269,0.331223,0.000000,0.000000
3.200099,1,0,7.372548,2.627452,0.527748,0.000000,0.000000
3.220127,1,0,7.372548,2.627452,0.527748,0.000000,0.000000
3.240143,1,0,7.264731,2.735269,0.331223,0.000000,0.000000
3.260142,1,0,7.312394,2.687606,0.502876,0.000000,0.000000
3.280139,1,0,7.312394,2.687606,0.502876,0.000000,0.000000
3.300088,1,0,7.312394,2.687606,0.502876,0.000000,0.000000
3.320152,1,0,7.372548,2.627452,0.527748,0.000000,0.000000
3.340096,1,0,7.263465,2.736535,0.437683,0.000000,0.000000
3.360140,1,0,7.264731,2.735269,0.331223,0.000000,0.000000
3.380340,1,0,7.264731,2.735269,0.331223,0.000000,0.000000
3.400602,1,0,7.264731,2.735269,0.331223,0.000000,0.000000
3.420063,1,0,7.264731,2.735269,0.331223,0.000000,0.000000
3.440126,1,0,7.264731,2.735269,0.331223,0.000000,0.000000
3.460175,1,0,7.264731,2.735269,0.331223,0.000000,0.000000
3.480192,1,0,7.264731,2.735269,0.331223,0.000000,0.000000
3.500072,1,0,7.264731,2.735269,0.331223,0.000000,0.000000
3.520145,1,0,7.372548,2.627452,0.527748,0.000000,0.000000
3.540108,1,0,7.263465,2.736535,0.437683,0.000000,0.000000
3.560121,1,0,7.264731,2.735269,0.331223,0.000000,0.000000
3.580055,1,0,7.264731,2.735269,0.331223,0.000000,0.000000
3.600089,1,0,7.264731,2.735269,0.331223,0.000000,0.000000
3.620379,1,0,7.372548,2.627452,0.527748,0.000000,0.000000
3.640107,1,0,7.264731,2.735269,0.331223,0.000000,0.000000
3.660100,1,0,7.264731,2.735269,0.331223,0.000000,0.000000
3.680125,1,0,7.264731,2.735269,0.331223,0.000000,0.000000
3.700499,1,0,7.312394,2.687606,0.502876,0.000000,0.000000
3.720173,1,0,7.372548,2.627452,0.527748,0.000000,0.000000
3.740141,1,0,7.264731,2.735269,0.331223,0.000000,0.000000
3.760171,1,0,7.372548,2.627452,0.527748,0.000000,0.000000
3.780114,1,0,7.312394,2.687606,0.502876,0.000000,0.000000
3.800180,1,0,7.312394,2.687606,0.502876,0.000000,0.000000
3.820184,1,0,7.372548,2.627452,0.527748,0.000000,0.000000
3.840154,1,0,7.268097,2.731903,0.336128,0.000000,0.000000
3.860158,1,0,7.314240,2.685760,0.194778,0.000000,0.000000
3.880129,1,0,7.303970,2.696030,-0.610092,0.000000,0.000000
3.900483,1,0,7.324827,2.675173,-1.424019,0.000000,0.000000
3.920123,1,0,7.349813,2.650187,-1.895454,0.000000,0.000000
3.940163,1,0,7.331631,2.668369,-3.286316,0.000000,0.000000
3.960104,1,0,7.358642,2.641358,-4.066101,0.000000,0.000000
3.980086,1,0,7.283326,2.716674,-6.012932,0.000000,0.000000
4.000166,1,0,7.257484,2.742516,-8.773949,0.000000,0.000000
4.020184,1,0,7.235532,2.764468,-9.587494,0.000000,0.000000
4.040153,1,0,7.233622,2.766378,-10.651955,0.000000,0.000000
4.060177,1,0,7.220155,2.779845,-11.148224,0.000000,0.000000
4.080097,1,0,7.115642,2.884358,-11.839783,0.000000,0.000000
4.100393,1,0,7.107418,2.892582,-11.980537,0.000000,0.000000
4.120187,1,0,7.143866,2.856134,-11.975990,0.000000,0.000000
4.140133,1,0,7.069268,2.930732,-11.875275,0.000000,0.000000
4.160089,1,0,7.108724,2.891276,-11.687927,0.000000,0.000000
4.180628,1,0,7.122944,2.877056,-11.506577,0.000000,0.000000
4.200557,1,0,7.127694,2.872306,-11.540199,0.000000,0.000000
4.220161,1,0,7.117623,2.882377,-11.235077,0.000000,0.000000
4.240149,1,0,7.117637,2.882363,-11.252151,0.000000,0.000000
4.260175,1,0,7.128966,2.871034,-11.540321,0.000000,0.000000
4.280117,1,0,7.121257,2.878743,-11.506462,0.000000,0.000000
4.300145,1,0,7.042140,2.957860,-12.363396,0.000000,0.000000
4.320146,1,0,7.042140,2.957860,-12.754166,0.000000,0.000000
4.340148,1,0,6.984889,3.015111,-13.816368,0.000000,0.000000
4.360136,1,0,6.955179,3.044821,-14.315781,0.000000,0.000000
4.380154,1,0,6.945704,3.054296,-15.690269,0.000000,0.000000
4.400576,1,0,6.946429,3.053571,-15.971931,0.000000,0.000000
4.420144,1,0,6.915536,3.084464,-16.061737,0.000000,0.000000
4.440156,1,0,6.943322,3.056678,-16.349518,0.000000,0.000000
4.460082,1,0,6.897699,3.102301,-16.337570,0.000000,0.000000
4.480096,1,0,6.847731,3.152269,-15.803810,0.000000,0.000000
4.500103,1,0,6.917027,3.082973,-15.656303,0.000000,0.000000
4.520109,1,0,6.891339,3.108661,-15.622559,0.000000,0.000000
4.540118,1,0,6.912410,3.087590,-15.681404,0.000000,0.000000
4.560122,1,0,6.912410,3.087590,-15.681404,0.000000,0.000000
4.580103,1,0,6.986162,3.013838,-15.826103,0.000000,0.000000
4.600121,1,0,6.944955,3.055045,-15.788414,0.000000,0.000000
4.620143,1,0,6.944955,3.055045,-15.788414,0.000000,0.000000
4.640091,1,0,6.944955,3.055045,-15.788414,0.000000,0.000000
4.660151,1,0,6.941780,3.058220,-15.787560,0.000000,0.000000
4.680103,1,0,6.944955,3.055045,-15.788414,0.000000,0.000000
4.700089,1,0,6.944955,3.055045,-15.788414,0.000000,0.000000
4.720174,1,0,6.970619,3.029381,-15.821442,0.000000,0.000000
4.740173,1,0,6.962462,3.037538,-15.793106,0.000000,0.000000
4.760092,1,0,6.944955,3.055045,-15.788414,0.000000,0.000000
4.780146,1,0,6.944955,3.055045,-15.788414,0.000000,0.000000
4.800104,1,0,6.944955,3.055045,-15.788414,0.000000,0.000000
4.820138,1,0,6.970619,3.029381,-15.821442,0.000000,0.000000
4.840112,1,0,6.944955,3.055045,-15.788414,0.000000,0.000000
4.860061,1,0,6.944955,3.055045,-15.788414,0.000000,0.000000
4.880043,1,0,6.944955,3.055045,-15.788414,0.000000,0.000000
4.900158,1,0,6.944955,3.055045,-15.788414,0.000000,0.000000
4.920123,1,0,6.944955,3.055045,-15.788414,0.000000,0.000000
4.940132,1,0,6.944955,3.055045,-15.788414,0.000000,0.000000
4.960136,1,0,6.944955,3.055045,-15.788414,0.000000,0.000000
4.980107,1,0,6.889153,3.110847,-15.921669,0.000000,0.000000
5.000115,1,0,6.813860,3.186140,-16.252869,0.000000,0.000000
5.020242,1,0,6.826527,3.173473,-16.499977,0.000000,0.000000
5.040183,1,0,6.793961,3.206039,-17.462791,0.000000,0.000000
5.060150,1,0,6.736846,3.263154,-17.816597,0.000000,0.000000
5.080204,1,0,6.734904,3.265096,-18.733116,0.000000,0.000000
5.100177,1,0,6.720261,3.279739,-18.919456,0.000000,0.000000
5.120104,1,0,6.718208,3.281792,-19.182335,0.000000,0.000000
5.140175,1,0,6.662130,3.337870,-19.140579,0.000000,0.000000
5.160069,1,0,6.658051,3.341949,-19.072113,0.000000,0.000000
5.180089,1,0,6.693865,3.306135,-18.784889,0.000000,0.000000
5.200097,1,0,6.720344,3.279656,-18.641808,0.000000,0.000000
5.220223,1,0,6.737692,3.262308,-18.461334,0.000000,0.000000
5.240109,1,0,6.780190,3.219810,-18.474976,0.000000,0.000000
5.260103,1,0,6.719466,3.280534,-18.455452,0.000000,0.000000
5.280109,1,0,6.720344,3.279656,-18.641808,0.000000,0.000000
5.300129,1,0,6.720344,3.279656,-18.641808,0.000000,0.000000
5.320152,1,0,6.692956,3.307044,-18.631065,0.000000,0.000000
5.340108,1,0,6.739040,3.260960,-18.649124,0.000000,0.000000
5.360254,1,0,6.739040,3.260960,-18.649124,0.000000,0.000000
5.380141,1,0,6.692956,3.307044,-18.631065,0.000000,0.000000
5.400128,1,0,6.739040,3.260960,-18.649124,0.000000,0.000000
5.420697,1,0,6.720344,3.279656,-18.641808,0.000000,0.000000
5.440049,1,0,6.720344,3.279656,-18.641808,0.000000,0.000000
5.460145,1,0,6.692956,3.307044,-18.631065,0.000000,0.000000
5.480116,1,0,6.720344,3.279656,-18.641808,0.000000,0.000000
5.500155,1,0,6.720344,3.279656,-18.641808,0.000000,0.000000
5.520208,1,0,6.720344,3.279656,-18.641808,0.000000,0.000000
5.540098,1,0,6.720344,3.279656,-18.641808,0.000000,0.000000
5.560083,1,0,6.720344,3.279656,-18.641808,0.000000,0.000000
5.580138,1,0,6.720344,3.279656,-18.641808,0.000000,0.000000
5.600077,1,0,6.692956,3.307044,-18.631065,0.000000,0.000000
5.620116,1,0,6.739040,3.260960,-18.649124,0.000000,0.000000
5.640092,1,0,6.692956,3.307044,-18.631065,0.000000,0.000000
5.660061,1,0,6.692956,3.307044,-18.631065,0.000000,0.000000
5.680119,1,0,6.720344,3.279656,-18.641808,0.000000,0.000000
5.700133,1,0,6.720344,3.279656,-18.641808,0.000000,0.000000
5.720125,1,0,6.739040,3.260960,-18.649124,0.000000,0.000000
5.740090,1,0,6.739040,3.260960,-18.649124,0.000000,0.000000
5.760079,1,0,6.720344,3.279656,-18.641808,0.000000,0.000000
5.780143,1,0,6.720344,3.279656,-18.641808,0.000000,0.000000
5.800118,1,0,6.739040,3.260960,-18.649124,0.000000,0.000000
5.820114,1,0,6.720344,3.279656,-18.641808,0.000000,0.000000
5.840115,1,0,6.692956,3.307044,-18.631065,0.000000,0.000000
5.860056,1,0,6.692956,3.307044,-18.631065,0.000000,0.000000
5.880111,1,0,6.739040,3.260960,-18.649124,0.000000,0.000000
5.900252,1,0,6.720344,3.279656,-18.641808,0.000000,0.000000
5.920135,1,0,6.739040,3.260960,-18.649124,0.000000,0.000000
5.940110,1,0,6.739040,3.260960,-18.649124,0.000000,0.000000
5.960172,1,0,6.720344,3.279656,-18.641808,0.000000,0.000000
5.980128,1,0,6.720344,3.279656,-18.641808,0.000000,0.000000
6.000090,1,0,6.734634,3.265366,-18.647392,0.000000,0.000000
6.020068,1,0,6.720344,3.279656,-18.641808,0.000000,0.000000
6.040126,1,0,6.734634,3.265366,-18.647392,0.000000,0.000000
6.060154,1,0,6.720344,3.279656,-18.641808,0.000000,0.000000
6.080147,1,0,6.720344,3.279656,-18.641808,0.000000,0.000000
6.100148,1,0,6.720344,3.279656,-18.641808,0.000000,0.000000
6.120065,1,0,6.720344,3.279656,-18.641808,0.000000,0.000000
6.140132,1,0,6.739040,3.260960,-18.649124,0.000000,0.000000
6.160145,1,0,6.692956,3.307044,-18.631065,0.000000,0.000000
6.180095,1,0,6.720344,3.279656,-18.641808,0.000000,0.000000
6.200306,1,0,6.720344,3.279656,-18.641808,0.000000,0.000000
6.220118,1,0,6.739040,3.260960,-18.649124,0.000000,0.000000
6.240078,1,0,6.734634,3.265366,-18.647392,0.000000,0.000000
6.260129,1,0,6.720344,3.279656,-18.641808,0.000000,0.000000
6.280065,1,0,6.720344,3.279656,-18.641808,0.000000,0.000000
6.300075,1,0,6.692956,3.307044,-18.631065,0.000000,0.000000
6.320081,1,0,6.720344,3.279656,-18.641808,0.000000,0.000000
6.340075,1,0,6.720344,3.279656,-18.641808,0.000000,0.000000
6.360084,1,0,6.720344,3.279656,-18.641808,0.000000,0.000000
6.380137,1,0,6.734634,3.265366,-18.647392,0.000000,0.000000
6.400123,1,0,6.720344,3.279656,-18.641808,0.000000,0.000000
6.420110,1,0,6.720344,3.279656,-18.641808,0.000000,0.000000
6.440464,1,0,6.720344,3.279656,-18.641808,0.000000,0.000000
6.460088,1,0,6.720344,3.279656,-18.641808,0.000000,0.000000
6.480079,1,0,6.720344,3.279656,-18.641808,0.000000,0.000000
6.500183,1,0,6.720344,3.279656,-18.641808,0.000000,0.000000
6.520122,1,0,6.734634,3.265366,-18.647392,0.000000,0.000000
6.540086,1,0,6.720344,3.279656,-18.641808,0.000000,0.000000
6.560128,1,0,6.720344,3.279656,-18.641808,0.000000,0.000000
6.580125,1,0,6.720344,3.279656,-18.641808,0.000000,0.000000
6.600111,1,0,6.720344,3.279656,-18.641808,0.000000,0.000000
6.620112,1,0,6.734634,3.265366,-18.647392,0.000000,0.000000
6.640087,1,0,6.720344,3.279656,-18.641808,0.000000,0.000000
6.660077,1,0,6.720344,3.279656,-18.641808,0.000000,0.000000
6.680110,1,0,6.720344,3.279656,-18.641808,0.000000,0.000000
6.700099,1,0,6.720344,3.279656,-18.641808,0.000000,0.000000
6.720072,1,0,6.739040,3.260960,-18.649124,0.000000,0.000000
6.740067,1,0,6.720344,3.279656,-18.641808,0.000000,0.000000
6.760151,1,0,6.720344,3.279656,-18.641808,0.000000,0.000000
6.780165,1,0,6.720344,3.279656,-18.641808,0.000000,0.000000
6.800119,1,0,6.720344,3.279656,-18.641808,0.000000,0.000000
6.820106,1,0,6.720344,3.279656,-18.641808,0.000000,0.000000
6.840101,1,0,6.720344,3.279656,-18.641808,0.000000,0.000000
6.860119,1,0,6.720344,3.279656,-18.641808,0.000000,0.000000
6.880160,1,0,6.720344,3.279656,-18.641808,0.000000,0.000000
6.900078,1,0,6.720344,3.279656,-18.641808,0.000000,0.000000
6.920126,1,0,6.720344,3.279656,-18.641808,0.000000,0.000000
6.940187,1,0,6.734634,3.265366,-18.647392,0.000000,0.000000
6.960253,1,0,6.720344,3.279656,-18.641808,0.000000,0.000000
6.980120,1,0,6.720344,3.279656,-18.641808,0.000000,0.000000
7.000074,1,0,6.720344,3.279656,-18.641808,0.000000,0.000000
7.020089,1,0,6.739040,3.260960,-18.649124,0.000000,0.000000
7.040138,1,0,6.720344,3.279656,-18.641808,0.000000,0.000000
7.060137,1,0,6.692956,3.307044,-18.631065,0.000000,0.000000
7.080145,1,0,6.720344,3.279656,-18.641808,0.000000,0.000000
7.100140,1,0,6.720344,3.279656,-18.641808,0.000000,0.000000
7.120133,1,0,6.720344,3.279656,-18.641808,0.000000,0.000000
7.140234,1,0,6.720344,3.279656,-18.641808,0.000000,0.000000
7.160286,1,0,6.720344,3.279656,-18.641808,0.000000,0.000000
7.180164,1,0,6.720344,3.279656,-18.641808,0.000000,0.000000
7.200069,1,0,6.720344,3.279656,-18.641808,0.000000,0.000000
7.220087,1,0,6.720344,3.279656,-18.641808,0.000000,0.000000
7.240096,1,0,6.720344,3.279656,-18.641808,0.000000,0.000000
7.260262,1,0,6.720344,3.279656,-18.649124,0.000000,0.000000
7.280130,1,0,6.720344,3.279656,-18.641808,0.000000,0.000000
7.300173,1,0,6.720344,3.279656,-18.641808,0.000000,0.000000
7.320421,1,0,6.692956,3.307044,-18.631065,0.000000,0.000000
7.340282,1,1,6.720344,3.279656,-18.641808,0.000000,0.932090
7.360409,1,1,6.739040,3.260960,-18.649124,0.000000,0.932456
7.380155,1,1,6.720344,3.279656,-18.641808,0.000000,0.932090
7.400142,1,1,6.734634,3.265366,-18.647392,0.000000,0.932370
7.420153,1,1,6.734634,3.265366,-18.647392,0.000000,0.932370
7.440714,1,1,6.734634,3.265366,-18.647392,0.000000,0.932370
7.460125,1,1,6.780190,3.219810,-18.474976,0.000000,0.923749
7.480131,1,1,6.797689,3.202311,-17.836472,0.000000,0.891824
7.500101,1,1,6.805964,3.194036,-17.047264,0.000000,0.852363
7.520061,1,1,6.797355,3.202645,-16.625839,0.000000,0.831292
7.540196,1,1,6.883685,3.116315,-14.572136,0.000000,0.728607
7.560577,1,1,6.866474,3.133526,-12.658577,0.000000,0.632929
7.580148,1,1,6.903905,3.096095,-11.871124,0.000000,0.593556
7.600113,1,1,7.043691,2.956309,-9.665100,0.000000,0.483255
7.620113,1,1,7.109332,2.890668,-8.036575,0.000000,0.401829
7.640133,1,1,7.174223,2.825777,-5.199051,0.000000,0.259953
7.660826,1,1,7.263184,2.736816,-1.519493,0.000000,0.075975
7.680145,1,1,7.264407,2.735593,-0.207397,0.000000,0.010370
7.700088,1,1,7.182558,2.817442,1.919136,0.000000,-0.095957
7.720116,1,1,7.140701,2.859299,2.774925,0.000000,-0.138746
7.740521,1,1,7.068503,2.931497,4.523743,0.000000,-0.226187
7.760167,1,1,7.122939,2.877061,4.886017,0.000000,-0.244301
7.780101,1,1,7.234000,2.766000,4.928856,0.000000,-0.246443
7.800110,1,1,7.199241,2.800759,4.889740,0.000000,-0.244487
7.820104,1,1,7.160864,2.839136,4.458397,0.000000,-0.222920
7.840137,1,1,7.219958,2.780042,4.513031,0.000000,-0.225652
7.860460,1,1,7.212699,2.787301,4.097481,0.000000,-0.204874
7.880141,1,1,7.248739,2.751261,4.042473,0.000000,-0.202124
7.900096,1,1,7.337503,2.662497,3.680916,0.000000,-0.184046
7.920142,1,1,7.329283,2.670717,3.581398,0.000000,-0.179070
7.940107,1,1,7.315829,2.684171,3.479362,0.000000,-0.173968
7.960525,1,1,7.303956,2.696044,3.473549,0.000000,-0.173677
7.980156,1,1,7.315829,2.684171,3.479362,0.000000,-0.173968
8.000101,1,1,7.321773,2.678227,3.482262,0.000000,-0.174113
8.020144,1,1,7.317982,2.682018,3.575943,0.000000,-0.178797
8.040371,1,1,7.283159,2.716841,3.673599,0.000000,-0.183680
8.060137,1,1,7.283159,2.716841,3.673599,0.000000,-0.183680
8.080129,1,1,7.315829,2.684171,3.479362,0.000000,-0.173968
8.100136,1,1,7.315829,2.684171,3.479362,0.000000,-0.173968
8.120135,1,1,7.315829,2.684171,3.479362,0.000000,-0.173968
8.140124,1,1,7.276489,2.723511,3.669861,0.000000,-0.183493
8.160086,1,1,7.276489,2.723511,3.669861,0.000000,-0.183493
8.180086,1,1,7.297889,2.702111,3.622711,0.000000,-0.181136
8.200050,1,1,7.297889,2.702111,3.622711,0.000000,-0.181136
8.220107,1,1,7.297889,2.702111,3.622711,0.000000,-0.181136
8.240101,1,1,7.239097,2.760903,3.606651,0.000000,-0.180333
8.260151,1,1,7.283159,2.716841,3.673599,0.000000,-0.183680
8.280126,1,1,7.297889,2.702111,3.622711,0.000000,-0.181136
8.300131,1,1,7.315829,2.684171,3.479362,0.000000,-0.173968
8.320094,1,1,7.297889,2.702111,3.622711,0.000000,-0.181136
8.340122,1,1,7.297889,2.702111,3.622711,0.000000,-0.181136
8.360141,1,1,7.297889,2.702111,3.622711,0.000000,-0.181136
8.380070,1,1,7.297889,2.702111,3.622711,0.000000,-0.181136
8.400088,1,1,7.297889,2.702111,3.622711,0.000000,-0.181136
8.420109,1,1,7.315829,2.684171,3.479362,0.000000,-0.173968
8.440669,1,1,7.315829,2.684171,3.479362,0.000000,-0.173968
8.460090,1,1,7.297889,2.702111,3.622711,0.000000,-0.181136
8.480190,1,1,7.315829,2.684171,3.479362,0.000000,-0.173968
8.500299,1,1,7.297889,2.702111,3.622711,0.000000,-0.181136
8.520082,1,1,7.297889,2.702111,3.622711,0.000000,-0.181136
8.540094,1,1,7.315829,2.684171,3.479362,0.000000,-0.173968
8.560106,1,1,7.283159,2.716841,3.673599,0.000000,-0.183680
8.580137,1,1,7.297889,2.702111,3.622711,0.000000,-0.181136
8.600117,1,1,7.315829,2.684171,3.479362,0.000000,-0.173968
8.620351,1,1,7.297889,2.702111,3.622711,0.000000,-0.181136
8.640067,1,1,7.297889,2.702111,3.622711,0.000000,-0.181136
8.660084,1,1,7.315829,2.684171,3.479362,0.000000,-0.173968
8.680106,1,1,7.297889,2.702111,3.622711,0.000000,-0.181136
8.700098,1,1,7.297889,2.702111,3.622711,0.000000,-0.181136
8.720109,1,1,7.297889,2.702111,3.622711,0.000000,-0.181136
8.740112,1,1,7.283159,2.716841,3.673599,0.000000,-0.183680
8.760077,1,1,7.315829,2.684171,3.479362,0.000000,-0.173968
8.780077,1,1,7.315829,2.684171,3.479362,0.000000,-0.173968
8.800110,1,1,7.315829,2.684171,3.479362,0.000000,-0.173968
8.820129,1,1,7.283159,2.716841,3.673599,0.000000,-0.183680
8.840074,1,1,7.315829,2.684171,3.479362,0.000000,-0.173968
8.860101,1,1,7.315829,2.684171,3.479362,0.000000,-0.173968
8.880058,1,1,7.315829,2.684171,3.479362,0.000000,-0.173968
8.900112,1,1,7.315829,2.684171,3.479362,0.000000,-0.173968
8.920073,1,1,7.315829,2.684171,3.479362,0.000000,-0.173968
8.940079,1,1,7.315829,2.684171,3.479362,0.000000,-0.173968
8.960060,1,1,7.315829,2.684171,3.479362,0.000000,-0.173968
8.980055,1,1,7.315829,2.684171,3.479362,0.000000,-0.173968
9.000160,1,1,7.315829,2.684171,3.479362,0.000000,-0.173968
9.020149,1,1,7.315829,2.684171,3.479362,0.000000,-0.173968
9.040115,1,1,7.315829,2.684171,3.479362,0.000000,-0.173968
9.060062,1,1,7.315829,2.684171,3.479362,0.000000,-0.173968
9.080052,1,1,7.315829,2.684171,3.479362,0.000000,-0.173968
9.100125,1,1,7.315829,2.684171,3.479362,0.000000,-0.173968
9.120122,1,1,7.315829,2.684171,3.479362,0.000000,-0.173968
9.140066,1,1,7.315829,2.684171,3.479362,0.000000,-0.173968
9.160134,1,1,7.315829,2.684171,3.479362,0.000000,-0.173968
9.180057,1,1,7.315829,2.684171,3.479362,0.000000,-0.173968
9.200127,1,1,7.315829,2.684171,3.479362,0.000000,-0.173968
9.220076,1,1,7.315829,2.684171,3.479362,0.000000,-0.173968
9.240115,1,1,7.315829,2.684171,3.479362,0.000000,-0.173968
9.260116,1,1,7.315829,2.684171,3.479362,0.000000,-0.173968
9.280227,1,1,7.315829,2.684171,3.479362,0.000000,-0.173968
9.300122,1,1,7.315829,2.684171,3.479362,0.000000,-0.173968
9.320155,1,1,7.315829,2.684171,3.479362,0.000000,-0.173968
9.340133,1,1,7.315829,2.684171,3.479362,0.000000,-0.173968
9.360105,1,1,7.315829,2.684171,3.479362,0.000000,-0.173968
9.380150,1,1,7.315829,2.684171,3.479362,0.000000,-0.173968
9.400158,1,1,7.315829,2.684171,3.479362,0.000000,-0.173968
9.420074,1,1,7.315829,2.684171,3.479362,0.000000,-0.173968
9.440101,1,1,7.315829,2.684171,3.479362,0.000000,-0.173968
9.460845,1,1,7.315829,2.684171,3.479362,0.000000,-0.173968
9.480202,1,1,7.315829,2.684171,3.479362,0.000000,-0.173968
9.500071,1,1,7.315829,2.684171,3.479362,0.000000,-0.173968
9.520092,1,1,7.315829,2.684171,3.479362,0.000000,-0.173968
9.540189,1,1,7.315829,2.684171,3.479362,0.000000,-0.173968
9.560048,1,1,7.315829,2.684171,3.479362,0.000000,-0.173968
9.580098,1,1,7.315829,2.684171,3.479362,0.000000,-0.173968
9.600094,1,1,7.315829,2.684171,3.479362,0.000000,-0.173968
9.620179,1,1,7.315829,2.684171,3.479362,0.000000,-0.173968
9.640144,1,1,7.315829,2.684171,3.479362,0.000000,-0.173968
9.660070,1,1,7.315829,2.684171,3.479362,0.000000,-0.173968
9.680087,1,1,7.315829,2.684171,3.479362,0.000000,-0.173968
9.700125,1,1,7.315829,2.684171,3.479362,0.000000,-0.173968
9.720143,1,1,7.315829,2.684171,3.479362,0.000000,-0.173968
9.740084,1,1,7.315829,2.684171,3.479362,0.000000,-0.173968
9.760189,1,1,7.315829,2.684171,3.479362,0.000000,-0.173968
9.780097,1,1,7.315829,2.684171,3.479362,0.000000,-0.173968
9.800127,1,1,7.315829,2.684171,3.479362,0.000000,-0.173968
9.820112,1,1,7.315829,2.684171,3.479362,0.000000,-0.173968
9.840084,1,1,7.315829,2.684171,3.479362,0.000000,-0.173968
9.860051,1,1,7.315829,2.684171,3.479362,0.000000,-0.173968
9.880096,1,1,7.315829,2.684171,3.479362,0.000000,-0.173968
9.900122,1,1,7.315829,2.684171,3.479362,0.000000,-0.173968
9.920130,1,1,7.315829,2.684171,3.479362,0.000000,-0.173968
9.940056,1,1,7.315829,2.684171,3.479362,0.000000,-0.173968
9.960024,1,0,7.315829,2.684171,3.479362,0.000000,0.000000
9.980142,1,0,7.315829,2.684171,3.479362,0.000000,0.000000
10.000169,1,0,7.315829,2.684171,3.479362,0.000000,0.000000
10.020085,1,0,7.315829,2.684171,3.479362,0.000000,0.000000
10.040084,1,0,7.283159,2.716841,3.673599,0.000000,0.000000
10.060174,1,0,7.315829,2.684171,3.479362,0.000000,0.000000
10.080134,1,0,7.315829,2.684171,3.479362,0.000000,0.000000
10.100093,1,0,7.312115,2.687885,3.573120,0.000000,0.000000
10.120160,1,0,7.315829,2.684171,3.479362,0.000000,0.000000
10.140075,1,0,7.283159,2.716841,3.673599,0.000000,0.000000
10.160102,1,0,7.283159,2.716841,3.673599,0.000000,0.000000
10.180157,1,0,7.315829,2.684171,3.479362,0.000000,0.000000
10.200149,1,0,7.315829,2.684171,3.479362,0.000000,0.000000
10.220085,1,0,7.283159,2.716841,3.673599,0.000000,0.000000
10.240061,1,0,7.283159,2.716841,3.673599,0.000000,0.000000
10.260289,1,0,7.315829,2.684171,3.479362,0.000000,0.000000
10.280171,1,0,7.315829,2.684171,3.479362,0.000000,0.000000
10.300131,1,0,7.315829,2.684171,3.479362,0.000000,0.000000
10.320148,1,0,7.315829,2.684171,3.479362,0.000000,0.000000
10.340076,1,0,7.315829,2.684171,3.479362,0.000000,0.000000
10.360141,1,0,7.315829,2.684171,3.479362,0.000000,0.000000
10.380172,1,0,7.269822,2.730178,3.666122,0.000000,0.000000
10.400195,1,0,7.229836,2.770164,3.697479,0.000000,0.000000
10.420123,1,0,7.276489,2.723511,4.486046,0.000000,0.000000
10.440179,1,0,7.255631,2.744369,4.881805,0.000000,0.000000
10.460706,1,0,7.177734,2.822266,5.750481,0.000000,0.000000
10.480191,1,0,7.075107,2.924893,7.098717,0.000000,0.000000
10.500207,1,0,7.037728,2.962272,8.418732,0.000000,0.000000
10.520133,1,0,7.004721,2.995279,9.350845,0.000000,0.000000
10.540090,1,0,6.914551,3.085449,11.940567,0.000000,0.000000
10.560099,1,0,6.849039,3.150961,13.212830,0.000000,0.000000
10.580134,1,0,6.857703,3.142297,13.723709,0.000000,0.000000
10.600159,1,0,6.777140,3.222860,14.132111,0.000000,0.000000
10.620142,1,0,6.777140,3.222860,14.132111,0.000000,0.000000
10.640130,1,0,6.830172,3.169828,14.108170,0.000000,0.000000
10.660157,1,0,6.830174,3.169826,13.915108,0.000000,0.000000
10.680151,1,0,6.855072,3.144928,13.605675,0.000000,0.000000
10.700083,1,0,6.897273,3.102727,13.562698,0.000000,0.000000
10.720288,1,0,6.921267,3.078733,13.624062,0.000000,0.000000
10.740115,1,0,6.959636,3.040364,13.632484,0.000000,0.000000
10.760098,1,0,6.934463,3.065537,13.495087,0.000000,0.000000
10.780187,1,0,6.940639,3.059361,13.615639,0.000000,0.000000
10.800474,1,0,6.883337,3.116663,13.326958,0.000000,0.000000
10.820311,1,0,6.883337,3.116663,13.326958,0.000000,0.000000
10.840395,1,0,6.889722,3.110278,13.331879,0.000000,0.000000
10.860162,1,0,6.921267,3.078733,13.591606,0.000000,0.000000
10.880152,1,0,6.921267,3.078733,13.591606,0.000000,0.000000
10.900231,1,0,6.930412,3.069588,13.599419,0.000000,0.000000
10.920074,1,0,6.930412,3.069588,13.599419,0.000000,0.000000
10.940126,1,0,6.888499,3.111501,13.942467,0.000000,0.000000
10.960196,1,0,6.773567,3.226433,14.693535,0.000000,0.000000
10.980171,1,0,6.721212,3.278788,14.981361,0.000000,0.000000
11.000173,1,0,6.652597,3.347403,16.569092,0.000000,0.000000
11.020222,1,0,6.652597,3.347403,16.569092,0.000000,0.000000
11.040163,1,0,6.561536,3.438464,18.634773,0.000000,0.000000
11.060145,1,0,6.445145,3.554855,20.598030,0.000000,0.000000
11.080107,1,0,6.333814,3.666186,21.201057,0.000000,0.000000
11.100113,1,0,6.171396,3.828604,22.422020,0.000000,0.000000
11.120212,1,0,6.140710,3.859290,23.224274,0.000000,0.000000
11.140147,1,0,6.150645,3.849355,23.235649,0.000000,0.000000
11.160190,1,0,6.174052,3.825948,23.186615,0.000000,0.000000
11.180174,1,0,6.175675,3.824325,22.851364,0.000000,0.000000
11.200133,1,0,6.195103,3.804897,22.796982,0.000000,0.000000
11.220186,1,0,6.280752,3.719248,22.585915,0.000000,0.000000
11.240127,1,0,6.285195,3.714805,22.491234,0.000000,0.000000
11.260156,1,0,6.290799,3.709201,22.422020,0.000000,0.000000
11.280177,1,0,6.290799,3.709201,22.422020,0.000000,0.000000
11.300116,1,0,6.280752,3.719248,22.410858,0.000000,0.000000
11.320609,1,0,6.280752,3.719248,22.410858,0.000000,0.000000
11.340099,1,0,6.290799,3.709201,22.422020,0.000000,0.000000
11.360151,1,0,6.280752,3.719248,22.410858,0.000000,0.000000
11.380090,1,0,6.280752,3.719248,22.410858,0.000000,0.000000
11.400059,1,0,6.280752,3.719248,22.410858,0.000000,0.000000
11.420040,1,0,6.280752,3.719248,22.410858,0.000000,0.000000
11.440133,1,0,6.280752,3.719248,22.410858,0.000000,0.000000
11.460880,1,0,6.280752,3.719248,22.410858,0.000000,0.000000
11.480094,1,0,6.290799,3.709201,22.422020,0.000000,0.000000
11.500345,1,0,6.280752,3.719248,22.410858,0.000000,0.000000
11.520222,1,0,6.280752,3.719248,22.410858,0.000000,0.000000
11.540108,1,0,6.290799,3.709201,22.422020,0.000000,0.000000
11.560136,1,0,6.280752,3.719248,22.410858,0.000000,0.000000
11.580073,1,0,6.280752,3.719248,22.410858,0.000000,0.000000
11.600117,1,0,6.290799,3.709201,22.422020,0.000000,0.000000
11.620103,1,0,6.280752,3.719248,22.410858,0.000000,0.000000
11.640105,1,0,6.280752,3.719248,22.410858,0.000000,0.000000
11.660132,1,0,6.280752,3.719248,22.410858,0.000000,0.000000
11.680084,1,0,6.280752,3.719248,22.410858,0.000000,0.000000
11.700122,1,0,6.280752,3.719248,22.410858,0.000000,0.000000
11.720118,1,0,6.280752,3.719248,22.410858,0.000000,0.000000
11.740126,1,0,6.280752,3.719248,22.410858,0.000000,0.000000
11.760128,1,0,6.280752,3.719248,22.410858,0.000000,0.000000
11.780103,1,0,6.280752,3.719248,22.410858,0.000000,0.000000
11.800115,1,0,6.280752,3.719248,22.410858,0.000000,0.000000
11.820126,1,0,6.280752,3.719248,22.410858,0.000000,0.000000
11.840172,1,0,6.290799,3.709201,22.422020,0.000000,0.000000
11.860069,1,0,6.290799,3.709201,22.422020,0.000000,0.000000
11.880138,1,0,6.280752,3.719248,22.410858,0.000000,0.000000
11.900053,1,0,6.280752,3.719248,22.410858,0.000000,0.000000
11.920091,1,0,6.280752,3.719248,22.410858,0.000000,0.000000
11.940155,1,0,6.280752,3.719248,22.410858,0.000000,0.000000
11.960154,1,0,6.280752,3.719248,22.410858,0.000000,0.000000
11.980134,1,0,6.280752,3.719248,22.410858,0.000000,0.000000
12.000066,1,0,6.280752,3.719248,22.410858,0.000000,0.000000
12.020173,1,0,6.280752,3.719248,22.585915,0.000000,0.000000
12.040149,1,0,6.280752,3.719248,22.760529,0.000000,0.000000
12.060145,1,0,6.199724,3.800276,23.149979,0.000000,0.000000
12.080092,1,0,6.163789,3.836211,23.520172,0.000000,0.000000
12.100346,1,0,6.147726,3.852274,23.899467,0.000000,0.000000
12.120131,1,0,6.302422,3.697578,23.763969,0.000000,0.000000
12.140124,1,0,6.362546,3.637454,23.902512,0.000000,0.000000
12.160132,1,0,6.259593,3.740407,23.648888,0.000000,0.000000
12.180098,1,0,6.267885,3.732115,23.656044,0.000000,0.000000
12.200141,1,0,6.210250,3.789750,23.839920,0.000000,0.000000
12.220158,1,0,6.197220,3.802780,23.855637,0.000000,0.000000
12.240166,1,0,6.217075,3.782925,23.779198,0.000000,0.000000
12.260130,1,0,6.217075,3.782925,23.779198,0.000000,0.000000
12.280173,1,0,6.207267,3.792733,23.768539,0.000000,0.000000
12.300153,1,0,6.168506,3.831494,23.857040,0.000000,0.000000
12.320165,1,0,6.173599,3.826401,23.862953,0.000000,0.000000
12.340107,1,0,6.178696,3.821304,23.868874,0.000000,0.000000
12.360097,1,0,6.183800,3.816200,23.874779,0.000000,0.000000
12.380075,1,0,6.207267,3.792733,23.768539,0.000000,0.000000
12.400186,1,0,6.168506,3.831494,23.857040,0.000000,0.000000
12.420215,1,0,6.168506,3.831494,23.857040,0.000000,0.000000
12.440149,1,0,6.168506,3.831494,23.857040,0.000000,0.000000
12.460070,1,0,6.200837,3.799163,23.761543,0.000000,0.000000
12.480668,1,0,6.197471,3.802529,23.757881,0.000000,0.000000
12.500143,1,0,6.200837,3.799163,23.761543,0.000000,0.000000
12.520101,1,0,6.168506,3.831494,23.857040,0.000000,0.000000
12.540112,1,0,6.178696,3.821304,23.868874,0.000000,0.000000
12.560091,1,0,6.178696,3.821304,23.868874,0.000000,0.000000
12.580104,1,0,6.193198,3.806802,23.818459,0.000000,0.000000
12.600098,1,0,6.178696,3.821304,23.868874,0.000000,0.000000
12.620078,1,0,6.178696,3.821304,23.868874,0.000000,0.000000
12.640203,1,0,6.207267,3.792733,23.768539,0.000000,0.000000
12.660069,1,0,6.197471,3.802529,23.757881,0.000000,0.000000
12.680140,1,0,6.173599,3.826401,23.862953,0.000000,0.000000
12.700166,1,0,6.168506,3.831494,23.857040,0.000000,0.000000
12.720073,1,0,6.168506,3.831494,23.857040,0.000000,0.000000
12.740098,1,0,6.168506,3.831494,23.857040,0.000000,0.000000
12.760068,1,0,6.207267,3.792733,23.768539,0.000000,0.000000
12.780084,1,0,6.168506,3.831494,23.857040,0.000000,0.000000
12.800152,1,0,6.173599,3.826401,23.862953,0.000000,0.000000
12.820138,1,0,6.178696,3.821304,23.868874,0.000000,0.000000
12.840074,1,0,6.178696,3.821304,23.868874,0.000000,0.000000
12.860097,1,0,6.178696,3.821304,23.868874,0.000000,0.000000
12.880045,1,0,6.178696,3.821304,23.868874,0.000000,0.000000
12.900162,1,0,6.178696,3.821304,23.868874,0.000000,0.000000
12.920138,1,0,6.207267,3.792733,23.768539,0.000000,0.000000
12.940094,1,0,6.207267,3.792733,23.768539,0.000000,0.000000
12.960113,1,0,6.168506,3.831494,23.857040,0.000000,0.000000
12.980113,1,0,6.197471,3.802529,23.757881,0.000000,0.000000
13.000110,1,1,6.197471,3.802529,23.757881,0.000000,-1.187894
13.020161,1,1,6.168506,3.831494,23.857040,0.000000,-1.192852
13.040072,1,1,6.168506,3.831494,23.857040,0.000000,-1.192852
13.060123,1,1,6.207267,3.792733,23.768539,0.000000,-1.188427
13.080125,1,1,6.178696,3.821304,23.868874,0.000000,-1.193444
13.100177,1,1,6.168506,3.831494,23.857040,0.000000,-1.192852
13.120111,1,1,6.172785,3.827215,23.763054,0.000000,-1.188153
13.140097,1,1,6.195977,3.804023,23.689270,0.000000,-1.184464
13.160145,1,1,6.233011,3.766989,23.259850,0.000000,-1.162992
13.180170,1,1,6.304699,3.695301,22.785301,0.000000,-1.139265
13.200116,1,1,6.418250,3.581750,20.803192,0.000000,-1.040160
13.220247,1,1,6.519685,3.480315,19.251137,0.000000,-0.962557
13.240147,1,1,6.594476,3.405524,18.382126,0.000000,-0.919106
13.260108,1,1,6.762354,3.237646,16.550392,0.000000,-0.827520
13.280151,1,1,6.784401,3.215599,15.446152,0.000000,-0.772308
13.300124,1,1,7.010532,2.989468,11.896988,0.000000,-0.594849
13.320218,1,1,7.082803,2.917197,8.882027,0.000000,-0.444101
13.340096,1,1,7.117346,2.882654,7.389175,0.000000,-0.369459
13.360151,1,1,7.257447,2.742553,4.141815,0.000000,-0.207091
13.380183,1,1,7.214461,2.785539,2.331062,0.000000,-0.116553
13.400192,1,1,7.326830,2.673170,-1.493309,0.000000,0.074665
13.420116,1,1,7.326830,2.673170,-1.493309,0.000000,0.074665
13.440137,1,1,7.309585,2.690415,-4.040314,0.000000,0.202016
13.460111,1,1,7.259254,2.740746,-6.355835,0.000000,0.317792
13.480748,1,1,7.363568,2.636432,-6.438187,0.000000,0.321909
13.500172,1,1,7.274591,2.725409,-7.194885,0.000000,0.359744
13.520211,1,1,7.274591,2.725409,-7.194885,0.000000,0.359744
13.540124,1,1,7.234462,2.765538,-7.381889,0.000000,0.369094
13.560130,1,1,7.261791,2.738209,-6.344856,0.000000,0.317243
13.580168,1,1,7.284677,2.715323,-6.418144,0.000000,0.320907
13.600156,1,1,7.226932,2.773068,-5.613106,0.000000,0.280655
13.620107,1,1,7.225594,2.774406,-4.812561,0.000000,0.240628
13.640093,1,1,7.181834,2.818166,-4.570908,0.000000,0.228545
13.660230,1,1,7.062594,2.937406,-4.035370,0.000000,0.201768
13.680129,1,1,7.089069,2.910931,-3.897003,0.000000,0.194850
13.700124,1,1,7.109146,2.890854,-3.452194,0.000000,0.172610
13.720087,1,1,7.158404,2.841596,-3.488525,0.000000,0.174426
13.740359,1,1,7.200636,2.799364,-3.176155,0.000000,0.158808
13.760141,1,1,7.200636,2.799364,-3.176155,0.000000,0.158808
13.780114,1,1,7.135588,2.864412,-3.492775,0.000000,0.174639
13.800148,1,1,7.099320,2.900680,-3.277054,0.000000,0.163853
13.820097,1,1,7.062807,2.937193,-3.284096,0.000000,0.164205
13.840067,1,1,7.062807,2.937193,-3.284096,0.000000,0.164205
13.860127,1,1,7.137067,2.862933,-3.445938,0.000000,0.172297
13.880137,1,1,7.147569,2.852431,-3.443596,0.000000,0.172180
13.900149,1,1,7.192833,2.807167,-3.594795,0.000000,0.179740
13.920080,1,1,7.192833,2.807167,-3.594795,0.000000,0.179740
13.940122,1,1,7.181834,2.818166,-3.550652,0.000000,0.177533
13.960100,1,1,7.181834,2.818166,-3.550652,0.000000,0.177533
13.980117,1,1,7.192833,2.807167,-3.594795,0.000000,0.179740
14.000089,1,1,7.182672,2.817328,-3.451309,0.000000,0.172565
14.020153,1,1,7.195072,2.804928,-3.594383,0.000000,0.179719
14.040054,1,1,7.195072,2.804928,-3.594383,0.000000,0.179719
14.060109,1,1,7.195072,2.804928,-3.594383,0.000000,0.179719
14.080148,1,1,7.182672,2.817328,-3.451309,0.000000,0.172565
14.100151,1,1,7.195072,2.804928,-3.594383,0.000000,0.179719
14.120086,1,1,7.184513,2.815487,-3.550056,0.000000,0.177503
14.140114,1,1,7.181834,2.818166,-3.550652,0.000000,0.177533
14.160330,1,1,7.192833,2.807167,-3.594795,0.000000,0.179740
14.180093,1,1,7.192833,2.807167,-3.594795,0.000000,0.179740
14.200118,1,1,7.195072,2.804928,-3.594383,0.000000,0.179719
14.220090,1,1,7.181834,2.818166,-3.550652,0.000000,0.177533
14.240141,1,1,7.181834,2.818166,-3.550652,0.000000,0.177533
14.260158,1,1,7.179160,2.820840,-3.346909,0.000000,0.167345
14.280375,1,1,7.181834,2.818166,-3.550652,0.000000,0.177533
14.300119,1,1,7.243394,2.756606,-3.416817,0.000000,0.170841
14.320468,1,1,7.195072,2.804928,-3.594383,0.000000,0.179719
14.340198,1,1,7.195072,2.804928,-3.594383,0.000000,0.179719
14.360184,1,1,7.192833,2.807167,-3.594795,0.000000,0.179740
14.380272,1,1,7.195072,2.804928,-3.594383,0.000000,0.179719
14.400074,1,1,7.195072,2.804928,-3.594383,0.000000,0.179719
14.420076,1,1,7.192833,2.807167,-3.594795,0.000000,0.179740
14.440146,1,1,7.192833,2.807167,-3.594795,0.000000,0.179740
14.460100,1,1,7.195072,2.804928,-3.594383,0.000000,0.179719
14.481117,1,1,7.195072,2.804928,-3.594383,0.000000,0.179719
14.500112,1,1,7.181834,2.818166,-3.550652,0.000000,0.177533
14.520072,1,1,7.192833,2.807167,-3.594795,0.000000,0.179740
14.540174,1,1,7.192833,2.807167,-3.594795,0.000000,0.179740
14.560164,1,1,7.195072,2.804928,-3.594383,0.000000,0.179719
14.580519,1,1,7.195072,2.804928,-3.594383,0.000000,0.179719
14.600179,1,1,7.192833,2.807167,-3.594795,0.000000,0.179740
14.620069,1,1,7.195072,2.804928,-3.594383,0.000000,0.179719
14.640150,1,1,7.195072,2.804928,-3.594383,0.000000,0.179719
14.660305,1,1,7.195072,2.804928,-3.416817,0.000000,0.170841
14.681169,1,1,7.195072,2.804928,-3.594383,0.000000,0.179719
14.700072,1,1,7.195072,2.804928,-3.594383,0.000000,0.179719
14.720112,1,1,7.243394,2.756606,-3.416817,0.000000,0.170841
14.740119,1,1,7.195072,2.804928,-3.594383,0.000000,0.179719
14.760162,1,1,7.195072,2.804928,-3.594383,0.000000,0.179719
14.780521,1,1,7.192833,2.807167,-3.594795,0.000000,0.179740
14.800148,1,1,7.195072,2.804928,-3.594383,0.000000,0.179719
14.820081,1,1,7.195072,2.804928,-3.594383,0.000000,0.179719
14.840078,1,1,7.195072,2.804928,-3.594383,0.000000,0.179719
14.860253,1,1,7.184513,2.815487,-3.550056,0.000000,0.177503
14.880635,1,1,7.192833,2.807167,-3.594795,0.000000,0.179740
14.900138,1,1,7.195072,2.804928,-3.594383,0.000000,0.179719
14.920087,1,1,7.195072,2.804928,-3.594383,0.000000,0.179719
14.940124,1,1,7.195072,2.804928,-3.594383,0.000000,0.179719
14.960841,1,1,7.182672,2.817328,-3.451309,0.000000,0.172565
14.980622,1,1,7.181834,2.818166,-3.550652,0.000000,0.177533
15.000128,1,1,7.192833,2.807167,-3.594795,0.000000,0.179740
15.020095,1,1,7.192833,2.807167,-3.594795,0.000000,0.179740
15.040180,1,1,7.195072,2.804928,-3.594383,0.000000,0.179719
15.060548,1,1,7.195072,2.804928,-3.594383,0.000000,0.179719
15.080059,1,1,7.195072,2.804928,-3.594383,0.000000,0.179719
15.100074,1,1,7.192833,2.807167,-3.594795,0.000000,0.179740
15.120047,1,1,7.192833,2.807167,-3.594795,0.000000,0.179740
15.140106,1,1,7.195072,2.804928,-3.594383,0.000000,0.179719
15.160307,1,1,7.182672,2.817328,-3.451309,0.000000,0.172565
15.180079,1,1,7.192833,2.807167,-3.594795,0.000000,0.179740
15.200119,1,1,7.195072,2.804928,-3.594383,0.000000,0.179719
15.220251,1,1,7.195072,2.804928,-3.594383,0.000000,0.179719
15.240098,1,1,7.195072,2.804928,-3.594383,0.000000,0.179719
15.260232,1,1,7.192833,2.807167,-3.594795,0.000000,0.179740
15.280083,1,1,7.195072,2.804928,-3.594383,0.000000,0.179719
15.300082,1,1,7.169068,2.830932,-3.423439,0.000000,0.171172
15.320140,1,1,7.182672,2.817328,-3.451309,0.000000,0.172565
15.340087,1,1,7.195072,2.804928,-3.594383,0.000000,0.179719
15.360147,1,1,7.195072,2.804928,-3.594383,0.000000,0.179719
15.380155,1,1,7.195072,2.804928,-3.594383,0.000000,0.179719
15.400138,1,1,7.195072,2.804928,-3.594383,0.000000,0.179719
15.420135,1,1,7.192833,2.807167,-3.594795,0.000000,0.179740
15.440589,1,1,7.184513,2.815487,-3.550056,0.000000,0.177503
15.460054,1,0,7.181834,2.818166,-3.550652,0.000000,0.000000
15.480086,1,0,7.182672,2.817328,-3.451309,0.000000,0.000000
15.500477,1,0,7.157040,2.842960,-3.279289,0.000000,0.000000
15.520126,1,0,7.195072,2.804928,-3.594383,0.000000,0.000000
15.540100,1,0,7.192833,2.807167,-3.594795,0.000000,0.000000
15.560115,1,0,7.207868,2.792132,-3.611923,0.000000,0.000000
15.580121,1,0,7.207868,2.792132,-3.611923,0.000000,0.000000
15.600084,1,0,7.176259,2.823741,-3.620300,0.000000,0.000000
15.620176,1,0,7.151690,2.848310,-3.656570,0.000000,0.000000
15.640230,1,0,7.200636,2.799364,-3.584900,0.000000,0.000000
15.660117,1,0,7.200636,2.799364,-3.584900,0.000000,0.000000
15.680072,1,0,7.200636,2.799364,-3.584900,0.000000,0.000000
15.700102,1,0,7.200636,2.799364,-3.584900,0.000000,0.000000
15.720110,1,0,7.200636,2.799364,-3.584900,0.000000,0.000000
15.740125,1,0,7.200636,2.799364,-3.584900,0.000000,0.000000
15.760094,1,0,7.231832,2.768168,-3.575493,0.000000,0.000000
15.780096,1,0,7.200636,2.799364,-3.584900,0.000000,0.000000
15.800101,1,0,7.200636,2.799364,-3.584900,0.000000,0.000000
15.820092,1,0,7.200636,2.799364,-3.584900,0.000000,0.000000
15.840111,1,0,7.200636,2.799364,-3.584900,0.000000,0.000000
15.860125,1,0,7.200636,2.799364,-3.584900,0.000000,0.000000
15.880055,1,0,7.200636,2.799364,-3.584900,0.000000,0.000000
15.900083,1,0,7.200636,2.799364,-3.584900,0.000000,0.000000
15.920152,1,0,7.200636,2.799364,-3.584900,0.000000,0.000000
15.940110,1,0,7.200636,2.799364,-3.584900,0.000000,0.000000
15.960058,1,0,7.200636,2.799364,-3.584900,0.000000,0.000000
15.980097,1,0,7.200636,2.799364,-3.584900,0.000000,0.000000
16.000205,1,0,7.200636,2.799364,-3.584900,0.000000,0.000000
16.020116,1,0,7.200636,2.799364,-3.584900,0.000000,0.000000
16.040087,1,0,7.200636,2.799364,-3.584900,0.000000,0.000000
16.060074,1,0,7.200636,2.799364,-3.584900,0.000000,0.000000
16.080072,1,0,7.200636,2.799364,-3.584900,0.000000,0.000000
16.100083,1,0,7.200636,2.799364,-3.584900,0.000000,0.000000
16.120083,1,0,7.200636,2.799364,-3.584900,0.000000,0.000000
16.140153,1,0,7.200636,2.799364,-3.584900,0.000000,0.000000
16.160055,1,0,7.200636,2.799364,-3.584900,0.000000,0.000000
16.180100,1,0,7.200636,2.799364,-3.584900,0.000000,0.000000
16.200178,1,0,7.200636,2.799364,-3.584900,0.000000,0.000000
16.220127,1,0,7.200636,2.799364,-3.584900,0.000000,0.000000
16.240096,1,0,7.200636,2.799364,-3.584900,0.000000,0.000000
16.260095,1,0,7.200636,2.799364,-3.584900,0.000000,0.000000
16.280120,1,0,7.200636,2.799364,-3.584900,0.000000,0.000000
16.300116,1,0,7.200636,2.799364,-3.584900,0.000000,0.000000
16.320094,1,0,7.200636,2.799364,-3.584900,0.000000,0.000000
16.340181,1,0,7.200636,2.799364,-3.584900,0.000000,0.000000
16.360093,1,0,7.200636,2.799364,-3.584900,0.000000,0.000000
16.380131,1,0,7.200636,2.799364,-3.584900,0.000000,0.000000
16.400097,1,0,7.200636,2.799364,-3.584900,0.000000,0.000000
16.420072,1,0,7.200636,2.799364,-3.584900,0.000000,0.000000
16.440109,1,0,7.200636,2.799364,-3.584900,0.000000,0.000000
16.460124,1,0,7.200636,2.799364,-3.584900,0.000000,0.000000
16.480149,1,0,7.200636,2.799364,-3.584900,0.000000,0.000000
16.500664,1,0,7.200636,2.799364,-3.584900,0.000000,0.000000
16.520157,1,0,7.200636,2.799364,-3.584900,0.000000,0.000000
16.540076,1,0,7.200636,2.799364,-3.584900,0.000000,0.000000
16.560082,1,0,7.200636,2.799364,-3.584900,0.000000,0.000000
16.580134,1,0,7.200636,2.799364,-3.584900,0.000000,0.000000
16.600180,1,0,7.200636,2.799364,-3.584900,0.000000,0.000000
16.620084,1,0,7.200636,2.799364,-3.584900,0.000000,0.000000
16.640062,1,0,7.200636,2.799364,-3.584900,0.000000,0.000000
16.660152,1,0,7.200636,2.799364,-3.584900,0.000000,0.000000
16.680107,1,0,7.200636,2.799364,-3.584900,0.000000,0.000000
16.700088,1,0,7.200636,2.799364,-3.584900,0.000000,0.000000
16.720118,1,0,7.200636,2.799364,-3.584900,0.000000,0.000000
16.740123,1,0,7.200636,2.799364,-3.584900,0.000000,0.000000
16.760138,1,0,7.200636,2.799364,-3.584900,0.000000,0.000000
16.780069,1,0,7.200636,2.799364,-3.584900,0.000000,0.000000
16.800145,1,0,7.200636,2.799364,-3.584900,0.000000,0.000000
16.820126,1,0,7.200636,2.799364,-3.584900,0.000000,0.000000
16.840058,1,0,7.200636,2.799364,-3.584900,0.000000,0.000000
16.860120,1,0,7.200636,2.799364,-3.584900,0.000000,0.000000
16.880421,1,0,7.200636,2.799364,-3.584900,0.000000,0.000000
16.900084,1,0,7.200636,2.799364,-3.584900,0.000000,0.000000
16.920078,1,0,7.200636,2.799364,-3.584900,0.000000,0.000000
16.940083,1,0,7.200636,2.799364,-3.584900,0.000000,0.000000
16.960090,1,0,7.200636,2.799364,-3.584900,0.000000,0.000000
16.980070,1,0,7.200636,2.799364,-3.584900,0.000000,0.000000
17.000146,1,0,7.200636,2.799364,-3.584900,0.000000,0.000000
17.020104,1,0,7.200636,2.799364,-3.584900,0.000000,0.000000
17.040071,1,0,7.231832,2.768168,-3.575493,0.000000,0.000000
17.060113,1,0,7.200636,2.799364,-3.584900,0.000000,0.000000
17.080088,1,0,7.200636,2.799364,-3.584900,0.000000,0.000000
17.100096,1,0,7.200636,2.799364,-3.584900,0.000000,0.000000
17.120066,1,0,7.200636,2.799364,-3.584900,0.000000,0.000000
17.140372,1,0,7.200636,2.799364,-3.584900,0.000000,0.000000
17.160089,1,0,7.200636,2.799364,-3.584900,0.000000,0.000000
17.180113,1,0,7.200636,2.799364,-3.584900,0.000000,0.000000
17.200193,1,0,7.200636,2.799364,-3.584900,0.000000,0.000000
17.220116,1,0,7.200636,2.799364,-3.584900,0.000000,0.000000
17.240067,1,0,7.231832,2.768168,-3.575493,0.000000,0.000000
17.260107,1,0,7.200636,2.799364,-3.584900,0.000000,0.000000
17.280128,1,0,7.200636,2.799364,-3.584900,0.000000,0.000000
17.300076,1,0,7.200636,2.799364,-3.584900,0.000000,0.000000
17.320148,1,0,7.200636,2.799364,-3.584900,0.000000,0.000000
17.340044,1,0,7.200636,2.799364,-3.584900,0.000000,0.000000
17.360119,1,0,7.200636,2.799364,-3.584900,0.000000,0.000000
17.380157,1,0,7.200636,2.799364,-3.584900,0.000000,0.000000
17.400086,1,0,7.200636,2.799364,-3.584900,0.000000,0.000000
17.420163,1,0,7.200636,2.799364,-3.584900,0.000000,0.000000
17.440147,1,0,7.200636,2.799364,-3.584900,0.000000,0.000000
17.460054,1,0,7.231832,2.768168,-3.575493,0.000000,0.000000
17.480096,1,0,7.200636,2.799364,-3.584900,0.000000,0.000000
17.500666,1,0,7.200636,2.799364,-3.584900,0.000000,0.000000
17.520058,1,0,7.200636,2.799364,-3.584900,0.000000,0.000000
17.540088,1,0,7.200636,2.799364,-3.584900,0.000000,0.000000
17.560138,1,0,7.231832,2.768168,-3.575493,0.000000,0.000000
17.580184,1,0,7.200636,2.799364,-3.584900,0.000000,0.000000
17.600137,1,0,7.200636,2.799364,-3.584900,0.000000,0.000000
17.620117,1,0,7.200636,2.799364,-3.584900,0.000000,0.000000
17.640128,1,0,7.200636,2.799364,-3.584900,0.000000,0.000000
17.660095,1,0,7.200636,2.799364,-3.584900,0.000000,0.000000
17.680153,1,0,7.200636,2.799364,-3.584900,0.000000,0.000000
17.700152,1,0,7.200636,2.799364,-3.584900,0.000000,0.000000
17.720047,1,0,7.200636,2.799364,-3.584900,0.000000,0.000000
17.740092,1,0,7.200636,2.799364,-3.584900,0.000000,0.000000
17.760089,1,0,7.200636,2.799364,-3.584900,0.000000,0.000000
17.780094,1,0,7.200636,2.799364,-3.584900,0.000000,0.000000
17.800096,1,0,7.200636,2.799364,-3.584900,0.000000,0.000000
17.820096,1,0,7.200636,2.799364,-3.584900,0.000000,0.000000
17.840090,1,0,7.231832,2.768168,-3.575493,0.000000,0.000000
17.860125,1,0,7.200636,2.799364,-3.584900,0.000000,0.000000
17.880106,1,0,7.231832,2.768168,-3.575493,0.000000,0.000000
17.900114,1,0,7.231832,2.768168,-3.575493,0.000000,0.000000
17.920059,1,0,7.200636,2.799364,-3.584900,0.000000,0.000000
17.940106,1,0,7.200636,2.799364,-3.584900,0.000000,0.000000
17.960150,1,0,7.231832,2.768168,-3.575493,0.000000,0.000000
17.980166,1,0,7.200636,2.799364,-3.584900,0.000000,0.000000
18.000100,1,0,7.200636,2.799364,-3.584900,0.000000,0.000000
18.020089,1,0,7.200636,2.799364,-3.584900,0.000000,0.000000
18.040409,1,0,7.200636,2.799364,-3.584900,0.000000,0.000000
18.060128,1,0,7.200636,2.799364,-3.584900,0.000000,0.000000
18.080115,1,0,7.200636,2.799364,-3.584900,0.000000,0.000000
18.100167,1,0,7.200636,2.799364,-3.584900,0.000000,0.000000
18.120308,1,0,7.200636,2.799364,-3.584900,0.000000,0.000000
18.140334,1,0,7.200636,2.799364,-3.584900,0.000000,0.000000
18.160133,1,0,7.231832,2.768168,-3.575493,0.000000,0.000000
18.180136,1,0,7.200636,2.799364,-3.584900,0.000000,0.000000
18.200061,1,0,7.200636,2.799364,-3.584900,0.000000,0.000000
18.220074,1,0,7.200636,2.799364,-3.584900,0.000000,0.000000
18.240128,1,0,7.200636,2.799364,-3.584900,0.000000,0.000000
18.260164,1,0,7.200636,2.799364,-3.584900,0.000000,0.000000
18.280083,1,0,7.200636,2.799364,-3.584900,0.000000,0.000000
18.300106,1,0,7.200636,2.799364,-3.584900,0.000000,0.000000
18.320164,1,0,7.231832,2.768168,-3.575493,0.000000,0.000000
18.340514,1,0,7.231832,2.768168,-3.584900,0.000000,0.000000
18.360105,1,0,7.200636,2.799364,-3.584900,0.000000,0.000000
18.380099,1,0,7.200636,2.799364,-3.584900,0.000000,0.000000
18.400104,1,0,7.200636,2.799364,-3.584900,0.000000,0.000000
18.420053,1,0,7.200636,2.799364,-3.584900,0.000000,0.000000
18.440061,1,0,7.200636,2.799364,-3.584900,0.000000,0.000000
18.460143,1,0,7.231832,2.768168,-3.575493,0.000000,0.000000
18.480197,1,0,7.200636,2.799364,-3.584900,0.000000,0.000000
18.500049,1,0,7.200636,2.799364,-3.584900,0.000000,0.000000
18.520705,1,0,7.231832,2.768168,-3.575493,0.000000,0.000000
18.540141,1,0,7.200636,2.799364,-3.584900,0.000000,0.000000
18.560133,1,0,7.200636,2.799364,-3.584900,0.000000,0.000000
18.580119,1,0,7.231832,2.768168,-3.575493,0.000000,0.000000
18.600093,1,0,7.200636,2.799364,-3.584900,0.000000,0.000000
18.620062,1,0,7.200636,2.799364,-3.584900,0.000000,0.000000
18.640187,1,0,7.200636,2.799364,-3.584900,0.000000,0.000000
18.660151,1,0,7.200636,2.799364,-3.584900,0.000000,0.000000
18.680159,1,0,7.200636,2.799364,-3.584900,0.000000,0.000000
18.700070,1,0,7.200636,2.799364,-3.584900,0.000000,0.000000
18.720069,1,0,7.231832,2.768168,-3.575493,0.000000,0.000000
18.740131,1,0,7.200636,2.799364,-3.584900,0.000000,0.000000
18.760118,1,0,7.200636,2.799364,-3.584900,0.000000,0.000000
18.780102,1,0,7.231832,2.768168,-3.575493,0.000000,0.000000
18.800122,1,0,7.200636,2.799364,-3.584900,0.000000,0.000000
18.820105,1,0,7.200636,2.799364,-3.584900,0.000000,0.000000
18.840108,1,0,7.200636,2.799364,-3.584900,0.000000,0.000000
18.860285,1,0,7.231832,2.768168,-3.575493,0.000000,0.000000
18.880125,1,0,7.200636,2.799364,-3.584900,0.000000,0.000000
18.900200,1,0,7.200636,2.799364,-3.584900,0.000000,0.000000
18.920243,1,0,7.200636,2.799364,-3.584900,0.000000,0.000000
18.940114,1,0,7.200636,2.799364,-3.584900,0.000000,0.000000
18.960097,1,0,7.200636,2.799364,-3.584900,0.000000,0.000000
18.980093,1,0,7.231832,2.768168,-3.575493,0.000000,0.000000
19.000075,1,0,7.231832,2.768168,-3.575493,0.000000,0.000000
19.020113,1,0,7.200636,2.799364,-3.584900,0.000000,0.000000
19.040171,1,0,7.200636,2.799364,-3.584900,0.000000,0.000000
19.060127,1,0,7.200636,2.799364,-3.584900,0.000000,0.000000
19.080183,1,0,7.231832,2.768168,-3.575493,0.000000,0.000000
19.100136,1,0,7.231832,2.768168,-3.575493,0.000000,0.000000
19.120070,1,0,7.200636,2.799364,-3.584900,0.000000,0.000000
19.140155,1,0,7.200636,2.799364,-3.584900,0.000000,0.000000
19.160137,1,0,7.231832,2.768168,-3.575493,0.000000,0.000000
19.180078,1,0,7.200636,2.799364,-3.584900,0.000000,0.000000
19.200126,1,0,7.200636,2.799364,-3.584900,0.000000,0.000000
19.220108,1,0,7.200636,2.799364,-3.584900,0.000000,0.000000
19.240120,1,0,7.200636,2.799364,-3.584900,0.000000,0.000000
19.260113,1,0,7.200636,2.799364,-3.584900,0.000000,0.000000
19.280132,1,0,7.200636,2.799364,-3.584900,0.000000,0.000000
19.300221,1,0,7.231832,2.768168,-3.575493,0.000000,0.000000
19.320139,1,0,7.200636,2.799364,-3.584900,0.000000,0.000000
19.340113,1,0,7.231832,2.768168,-3.575493,0.000000,0.000000
