Time,MatchTime,LeadRPM,RPMSetpoint,LeadAppliedOutput,LeadBusVoltage,LeadCurrent
0.001194,-1.000000,-0.000000,0.000000,0.000000,12.257812,0.000000
0.020743,-1.000000,-0.000000,0.000000,0.000000,11.437500,0.000000
0.040596,-1.000000,-0.000000,0.000000,0.000000,11.578125,0.000000
0.060710,-1.000000,-0.000000,0.000000,0.000000,11.796875,0.000000
0.080468,-1.000000,-0.000000,0.000000,0.000000,11.898438,0.000000
0.100480,-1.000000,-0.000000,0.000000,0.000000,11.921875,0.000000
0.120543,-1.000000,-0.000000,0.000000,0.000000,11.945312,0.000000
0.140693,-1.000000,-0.000000,0.000000,0.000000,11.914062,0.000000
0.160567,-1.000000,-0.000000,0.000000,0.000000,11.843750,0.000000
0.180571,-1.000000,-0.000000,0.000000,0.000000,11.890625,0.000000
0.200632,-1.000000,-0.000000,0.000000,0.000000,11.898438,0.000000
0.220663,-1.000000,-0.000000,0.000000,0.000000,11.929688,0.000000
0.240656,-1.000000,-0.000000,0.000000,0.000000,11.906250,0.000000
0.260437,-1.000000,-0.000000,0.000000,0.000000,11.804688,0.000000
0.280563,-1.000000,-0.000000,0.000000,0.000000,11.851562,0.000000
0.300449,-1.000000,-0.000000,0.000000,0.000000,11.867188,0.000000
0.320484,-1.000000,-0.000000,0.000000,0.000000,11.890625,0.000000
0.340561,-1.000000,-0.000000,0.000000,0.000000,11.890625,0.000000
0.360628,-1.000000,-0.000000,0.000000,0.000000,11.820312,0.000000
0.380566,-1.000000,-0.000000,0.000000,0.000000,11.828125,0.000000
0.400687,-1.000000,-0.000000,0.000000,0.000000,11.851562,0.000000
0.420573,-1.000000,-0.000000,0.000000,0.000000,11.867188,0.000000
0.440605,-1.000000,-0.000000,0.000000,0.000000,11.882812,0.000000
0.460513,-1.000000,-0.000000,0.000000,0.000000,11.828125,0.000000
0.480497,-1.000000,-0.000000,0.000000,0.000000,11.804688,0.000000
0.500439,-1.000000,-0.000000,0.000000,0.000000,11.835938,0.000000
0.520669,-1.000000,-0.000000,0.000000,0.000000,11.859375,0.000000
0.540553,-1.000000,-0.000000,0.000000,0.000000,11.867188,0.000000
0.560503,-1.000000,-0.000000,0.000000,0.000000,11.882812,0.000000
0.580721,-1.000000,-0.000000,0.000000,0.000000,11.796875,0.000000
0.601848,-1.000000,-0.000000,0.000000,0.000000,11.789062,0.000000
0.620605,-1.000000,-0.000000,0.000000,0.000000,11.835938,0.000000
0.640605,-1.000000,-0.000000,0.000000,0.000000,11.851562,0.000000
0.660553,-1.000000,-0.000000,0.000000,0.000000,11.859375,0.000000
0.680553,-1.000000,-0.000000,0.000000,0.000000,11.843750,0.000000
0.700563,-1.000000,-0.000000,0.000000,0.000000,11.773438,0.000000
0.720807,-1.000000,-0.000000,0.000000,0.000000,11.789062,0.000000
0.740659,-1.000000,-0.000000,0.000000,0.000000,11.812500,0.000000
0.760593,-1.000000,-0.000000,0.000000,0.000000,11.851562,0.000000
0.781293,-1.000000,-0.000000,0.000000,0.000000,11.867188,0.000000
0.800509,-1.000000,-0.000000,0.000000,0.000000,11.843750,0.000000
0.820612,-1.000000,-0.000000,0.000000,0.000000,11.765625,0.000000
0.840647,-1.000000,-0.000000,0.000000,0.000000,11.789062,0.000000
0.860476,-1.000000,-0.000000,0.000000,0.000000,11.812500,0.000000
0.880623,-1.000000,-0.000000,0.000000,0.000000,11.835938,0.000000
0.900647,-1.000000,-0.000000,0.000000,0.000000,11.859375,0.000000
0.920543,-1.000000,-0.000000,0.000000,0.000000,11.828125,0.000000
0.940481,-1.000000,-0.000000,0.000000,0.000000,11.757812,0.000000
0.960571,-1.000000,-0.000000,0.000000,0.000000,11.757812,0.000000
0.980768,-1.000000,-0.000000,0.000000,0.000000,11.804688,0.000000
1.000674,-1.000000,-0.000000,0.000000,0.000000,11.835938,0.000000
1.020555,-1.000000,-0.000000,0.000000,0.000000,11.835938,0.000000
1.040616,-1.000000,-0.000000,0.000000,0.000000,11.820312,0.000000
1.060723,-1.000000,-0.000000,0.000000,0.000000,11.757812,0.000000
1.080568,-1.000000,-0.000000,0.000000,0.000000,11.742188,0.000000
1.100929,-1.000000,-0.000000,0.000000,0.000000,11.804688,0.000000
1.120530,-1.000000,-0.000000,0.000000,0.000000,11.820312,0.000000
1.140543,-1.000000,-0.000000,0.000000,0.000000,11.820312,0.000000
1.160448,-1.000000,-0.000000,0.000000,0.000000,11.843750,0.000000
1.180644,-1.000000,-0.000000,0.000000,0.000000,11.757812,0.000000
1.200774,-1.000000,-0.000000,0.000000,0.000000,11.757812,0.000000
1.220495,-1.000000,-0.000000,0.000000,0.000000,11.789062,0.000000
1.240551,-1.000000,-0.000000,0.000000,0.000000,11.804688,0.000000
1.260572,-1.000000,-0.000000,0.000000,0.000000,11.835938,0.000000
1.280696,-1.000000,-0.000000,0.000000,0.000000,11.835938,0.000000
1.300555,-1.000000,-0.000000,0.000000,0.000000,11.765625,0.000000
1.320544,-1.000000,-0.000000,0.000000,0.000000,11.726562,0.000000
1.340546,-1.000000,-0.000000,1487.000000,0.000000,11.765625,0.000000
1.360634,-1.000000,5.714286,1487.000000,0.973998,9.406250,16.687500
1.380845,-1.000000,5.714286,1487.000000,0.000000,11.648438,0.000000
1.400808,-1.000000,5.714286,1487.000000,1.000000,9.343750,96.437500
1.420633,-1.000000,22.857143,1487.000000,0.313059,8.109375,79.593750
1.440579,-1.000000,22.857143,1487.000000,0.343913,7.515625,79.906250
1.460696,-1.000000,28.571430,1487.000000,0.355876,7.195312,81.625000
1.480616,-1.000000,45.714287,1487.000000,0.361797,7.320312,79.468750
1.501158,-1.000000,45.714287,1487.000000,0.391766,7.265625,79.781250
1.520619,-1.000000,68.571426,1487.000000,0.393200,7.218750,80.625000
1.540596,-1.000000,102.857140,1487.000000,0.393841,6.984375,81.656250
1.560574,-1.000000,102.857140,1487.000000,0.459059,7.132812,79.343750
1.580944,-1.000000,137.142853,1487.000000,0.444685,6.617188,90.968750
1.600780,-1.000000,137.142853,1487.000000,0.445570,6.703125,85.562500
1.620505,-1.000000,177.142868,1487.000000,0.445784,7.468750,88.312500
1.640532,-1.000000,228.571442,1487.000000,0.436018,6.515625,94.093750
1.660958,-1.000000,228.571442,1487.000000,0.649922,6.695312,91.937500
1.680475,-1.000000,274.285706,1487.000000,0.565539,6.437500,96.625000
1.700849,-1.000000,331.428558,1487.000000,0.685171,7.257812,47.906250
1.720781,-1.000000,331.428558,1487.000000,1.000000,8.703125,0.000000
1.740485,-1.000000,388.571411,1487.000000,1.000000,8.562500,69.125000
1.760594,-1.000000,445.714294,1487.000000,0.520127,7.343750,85.750000
1.780557,-1.000000,445.714294,1487.000000,0.675466,6.203125,86.562500
1.800609,-1.000000,497.142853,1487.000000,1.000000,9.421875,24.968750
1.820884,-1.000000,554.285767,1487.000000,0.552446,7.890625,76.906250
1.840479,-1.000000,554.285767,1487.000000,0.739555,6.000000,94.468750
1.860477,-1.000000,605.714355,1487.000000,1.000000,6.421875,78.187500
1.880611,-1.000000,605.714355,1487.000000,0.553392,7.250000,81.562500
1.900421,-1.000000,657.142883,1487.000000,1.000000,9.085938,0.000000
1.920520,-1.000000,697.142944,1487.000000,0.581744,6.304688,97.031250
1.940548,-1.000000,697.142944,1487.000000,0.809473,9.226562,2.625000
1.960445,-1.000000,742.857178,1487.000000,0.810144,6.617188,65.093750
1.980611,-1.000000,782.857239,1487.000000,0.760399,8.406250,2.468750
2.000509,-1.000000,782.857239,1487.000000,1.000000,9.593750,25.250000
2.021193,-1.000000,828.571472,1487.000000,0.000000,11.359375,0.000000
2.040654,-1.000000,862.857178,1487.000000,1.000000,8.382812,8.718750
2.060558,-1.000000,862.857178,1487.000000,0.000000,11.335938,0.000000
2.080497,-1.000000,891.428589,1487.000000,1.000000,7.015625,67.656250
2.100530,-1.000000,891.428589,1487.000000,1.000000,8.687500,35.031250
2.120612,-1.000000,931.428528,1487.000000,1.000000,8.367188,7.375000
2.140475,-1.000000,960.000000,1487.000000,1.000000,7.687500,70.375000
2.160569,-1.000000,960.000000,1487.000000,1.000000,7.664062,54.625000
2.180787,-1.000000,1000.000000,1487.000000,0.914731,7.476562,64.343750
2.200528,-1.000000,1028.571411,1487.000000,1.000000,8.390625,3.593750
2.220460,-1.000000,1028.571411,1487.000000,1.000000,7.460938,69.687500
2.240537,-1.000000,1068.571411,1487.000000,1.000000,7.437500,72.343750
2.260533,-1.000000,1091.428711,1487.000000,0.000000,11.265625,0.000000
2.280661,-1.000000,1091.428711,1487.000000,1.000000,8.367188,12.906250
2.300514,-1.000000,1125.714355,1487.000000,1.000000,8.164062,21.375000
2.320556,-1.000000,1165.714478,1487.000000,1.000000,7.640625,31.500000
2.340532,-1.000000,1165.714478,1487.000000,1.000000,8.031250,0.000000
2.360487,-1.000000,1194.286011,1487.000000,1.000000,8.406250,62.062500
2.380528,-1.000000,1194.286011,1487.000000,0.000000,7.585938,81.062500
2.400729,-1.000000,1228.571777,1487.000000,0.000000,11.265625,0.000000
2.420543,-1.000000,1257.143066,1487.000000,1.000000,7.773438,67.906250
2.440597,-1.000000,1257.143066,1487.000000,1.000000,8.179688,0.000000
2.460660,-1.000000,1297.143066,1487.000000,1.000000,7.085938,76.937500
2.480694,-1.000000,1320.000122,1487.000000,1.000000,8.015625,0.000000
2.500497,-1.000000,1320.000122,1487.000000,0.943327,8.726562,29.968750
2.520646,-1.000000,1354.285889,1487.000000,0.960967,8.820312,2.468750
2.540498,-1.000000,1382.857056,1487.000000,0.000000,11.289062,0.000000
2.560583,-1.000000,1382.857056,1487.000000,0.818110,7.382812,71.468750
2.580463,-1.000000,1417.142700,1487.000000,0.646657,8.218750,62.125000
2.600795,-1.000000,1417.142700,1487.000000,0.646657,8.257812,52.000000
2.620667,-1.000000,1445.714355,1487.000000,0.503800,9.429688,35.562500
2.640794,-1.000000,1474.285645,1487.000000,0.360942,10.773438,13.812500
2.660627,-1.000000,1474.285645,1487.000000,0.360942,10.843750,13.750000
2.680546,-1.000000,1497.142700,1487.000000,0.246681,11.851562,0.000000
2.700744,-1.000000,1508.571655,1487.000000,0.189520,12.476562,0.000000
2.720697,-1.000000,1508.571655,1487.000000,0.189520,12.445312,0.000000
2.740759,-1.000000,1525.714478,1487.000000,0.103824,13.070312,0.000000
2.760691,-1.000000,1525.714355,1487.000000,0.103824,13.148438,0.000000
2.780729,-1.000000,1525.714355,1487.000000,0.103824,13.234375,0.000000
2.800560,-1.000000,1525.714600,1487.000000,0.103824,13.101562,0.000000
2.820465,-1.000000,1508.571655,1487.000000,0.103824,12.945312,0.000000
2.840444,-1.000000,1508.571655,1487.000000,0.189520,12.218750,0.000000
2.860776,-1.000000,1485.714600,1487.000000,0.303812,11.367188,6.437500
2.880663,-1.000000,1485.714600,1487.000000,0.303812,10.976562,14.500000
2.900582,-1.000000,1462.857300,1487.000000,0.418104,9.875000,36.781250
2.920689,-1.000000,1445.714355,1487.000000,0.503800,8.960938,53.687500
2.941150,-1.000000,1445.714355,1487.000000,0.503800,8.953125,50.781250
2.960450,-1.000000,1428.571533,1487.000000,0.589526,8.546875,54.281250
2.980560,-1.000000,1405.714111,3100.000000,0.703818,7.625000,53.000000
3.000460,-1.000000,1405.714111,3100.000000,1.000000,9.031250,1.875000
3.020509,-1.000000,1405.714355,3100.000000,1.000000,8.062500,60.000000
3.040485,-1.000000,1405.714111,3100.000000,1.000000,8.203125,5.906250
3.060609,-1.000000,1405.714111,3100.000000,1.000000,8.476562,0.000000
3.081012,-1.000000,1417.142944,3100.000000,1.000000,8.421875,11.031250
3.100515,-1.000000,1417.142944,3100.000000,1.000000,7.609375,38.500000
3.120453,-1.000000,1434.285889,3100.000000,0.975860,8.242188,53.875000
3.140649,-1.000000,1457.142944,3100.000000,1.000000,7.492188,62.437500
3.160547,-1.000000,1457.142944,3100.000000,1.000000,8.015625,1.750000
3.180407,-1.000000,1480.000122,3100.000000,1.000000,8.031250,59.031250
3.200450,-1.000000,1514.285889,3100.000000,1.000000,8.296875,53.250000
3.220505,-1.000000,1514.285889,3100.000000,1.000000,7.945312,50.531250
3.240655,-1.000000,1548.571777,3100.000000,1.000000,8.367188,44.718750
3.260654,-1.000000,1577.142822,3100.000000,1.000000,6.851562,65.125000
3.280468,-1.000000,1577.142822,3100.000000,0.000000,11.312500,0.000000
3.300441,-1.000000,1611.428711,3100.000000,0.000000,11.367188,0.000000
3.320776,-1.000000,1634.285522,3100.000000,1.000000,8.781250,41.062500
3.341722,-1.000000,1634.285522,3100.000000,1.000000,7.070312,59.562500
3.360561,-1.000000,1668.571289,3100.000000,1.000000,7.492188,21.531250
3.380516,-1.000000,1668.571289,3100.000000,1.000000,7.484375,48.687500
3.400589,-1.000000,1697.142456,3100.000000,1.000000,8.437500,42.812500
3.420600,-1.000000,1725.714233,3100.000000,1.000000,8.257812,1.656250
3.440584,-1.000000,1725.714233,3100.000000,1.000000,8.328125,5.031250
3.460600,-1.000000,1754.285645,3100.000000,1.000000,8.570312,38.250000
3.481025,-1.000000,1782.856934,3100.000000,1.000000,7.093750,64.468750
3.500520,-1.000000,1782.856934,3100.000000,1.000000,8.273438,1.750000
3.520563,-1.000000,1811.428467,1487.000000,1.000000,6.843750,72.531250
3.540758,-1.000000,1828.571289,1487.000000,0.000000,11.320312,0.000000
3.560596,-1.000000,1828.571289,1487.000000,0.000000,11.812500,0.000000
3.580563,-1.000000,1851.428345,1487.000000,0.000000,11.578125,0.000000
3.600675,-1.000000,1851.428345,1487.000000,0.000000,11.648438,0.000000
3.620642,-1.000000,1862.856812,1487.000000,0.000000,11.960938,0.000000
3.640638,-1.000000,1868.571533,1487.000000,0.000000,11.820312,0.000000
3.660507,-1.000000,1868.571533,1487.000000,0.000000,11.882812,0.000000
3.680567,-1.000000,1862.856934,1487.000000,0.000000,11.796875,0.000000
3.700833,-1.000000,1840.000000,1487.000000,0.000000,11.804688,0.000000
3.720692,-1.000000,1840.000000,1487.000000,0.000000,11.640625,0.000000
3.740711,-1.000000,1817.142578,1487.000000,0.000000,11.953125,0.000000
3.760674,-1.000000,1777.142578,1487.000000,0.000000,11.695312,0.000000
3.780957,-1.000000,1777.142578,1487.000000,0.000000,11.734375,0.000000
3.800798,-1.000000,1737.142578,1487.000000,0.000000,11.937500,0.000000
3.820602,-1.000000,1697.142700,1487.000000,0.000000,11.617188,0.000000
3.840593,-1.000000,1697.142700,1487.000000,0.000000,11.851562,0.000000
3.860526,-1.000000,1645.714111,1487.000000,0.000000,11.703125,0.000000
3.880581,-1.000000,1645.714111,1487.000000,0.000000,11.875000,0.000000
3.900517,-1.000000,1594.285645,1487.000000,0.000000,11.898438,0.000000
3.920842,-1.000000,1542.856689,1487.000000,0.018097,12.765625,0.000000
3.940558,-1.000000,1542.856689,1487.000000,0.018097,12.835938,0.000000
3.960475,-1.000000,1497.142578,1487.000000,0.246681,11.671875,0.000000
3.980516,-1.000000,1451.428467,1487.000000,0.475234,9.695312,32.750000
4.000760,-1.000000,1451.428467,1487.000000,0.475234,9.187500,39.093750
4.020547,-1.000000,1422.857178,1487.000000,0.618091,8.234375,62.156250
4.040581,-1.000000,1394.285889,1487.000000,0.618091,7.304688,59.781250
4.060569,-1.000000,1394.285889,1487.000000,0.760949,7.156250,56.375000
4.080558,-1.000000,1371.428589,1487.000000,0.804865,9.070312,28.156250
4.100881,-1.000000,1371.428589,1487.000000,0.875240,6.875000,58.000000
4.120651,-1.000000,1360.000122,1487.000000,0.932371,9.617188,37.906250
4.140752,-1.000000,1365.714111,1487.000000,0.903806,7.671875,64.656250
4.160523,-1.000000,1365.714111,1487.000000,0.903806,6.937500,62.750000
4.180669,-1.000000,1382.857178,1487.000000,0.818110,7.054688,53.812500
4.200478,-1.000000,1405.714355,1487.000000,0.703818,7.960938,63.125000
4.220707,-1.000000,1405.714355,1487.000000,0.703818,7.914062,62.656250
4.240636,-1.000000,1440.000000,1487.000000,0.532395,9.187500,37.781250
4.260506,-1.000000,1462.857178,1487.000000,0.532395,10.031250,20.562500
4.280558,-1.000000,1462.857178,1487.000000,0.418104,10.273438,23.625000
4.300689,-1.000000,1502.857178,1487.000000,0.218085,11.914062,0.000000
4.320540,-1.000000,1520.000122,1487.000000,0.218085,12.265625,0.000000
4.340591,-1.000000,1520.000122,1487.000000,0.132389,12.984375,0.000000
4.361046,-1.000000,1548.571533,1487.000000,0.000000,11.937500,0.000000
4.380518,-1.000000,1548.571533,1487.000000,0.000000,11.679688,0.000000
4.400941,-1.000000,1554.285645,1487.000000,0.000000,11.835938,0.000000
4.420610,-1.000000,1548.571655,1487.000000,0.000000,11.625000,0.000000
4.440851,-1.000000,1548.571655,1487.000000,0.000000,11.664062,0.000000
4.460501,-1.000000,1542.857178,1487.000000,0.018097,12.765625,0.000000
4.480618,-1.000000,1514.285889,1487.000000,0.160955,12.585938,0.000000
4.500546,-1.000000,1514.285889,1487.000000,0.160955,12.367188,0.000000
4.520509,-1.000000,1485.714600,1487.000000,0.303812,11.359375,6.625000
4.540960,-1.000000,1451.428467,1487.000000,0.303812,9.640625,49.250000
4.560494,-1.000000,1451.428467,1487.000000,0.475234,9.218750,48.250000
4.580699,-1.000000,1434.285522,1487.000000,0.560961,8.710938,53.031250
4.600512,-1.000000,1434.285522,1487.000000,0.560961,8.601562,48.593750
4.620583,-1.000000,1405.714233,1487.000000,0.703818,7.546875,71.312500
4.641025,-1.000000,1388.571289,1487.000000,0.789514,7.070312,63.125000
4.661022,-1.000000,1388.571289,1487.000000,0.789514,7.187500,67.875000
4.680688,-1.000000,1382.856934,1487.000000,0.818110,6.695312,85.937500
4.700678,-1.000000,1382.856689,1487.000000,0.818110,7.054688,76.968750
4.720766,-1.000000,1382.856689,1487.000000,0.818110,6.781250,77.968750
4.741155,-1.000000,1400.000000,1487.000000,0.732383,7.523438,63.062500
4.760832,-1.000000,1434.285645,1487.000000,0.732383,8.578125,40.937500
4.780594,-1.000000,1434.285645,1487.000000,0.560961,8.937500,46.937500
4.800743,-1.000000,1457.142822,1487.000000,0.446669,10.023438,23.562500
4.820584,-1.000000,1491.428589,1487.000000,0.446669,10.328125,18.218750
4.840732,-1.000000,1491.428589,1487.000000,0.275246,11.671875,0.000000
4.860947,-1.000000,1514.285889,1487.000000,0.160955,12.781250,0.000000
4.880540,-1.000000,1514.285889,1487.000000,0.160955,12.773438,0.000000
4.900604,-1.000000,1537.142944,1487.000000,0.046663,13.039062,0.000000
4.920551,-1.000000,1548.571411,1487.000000,0.000000,11.851562,0.000000
4.940468,-1.000000,1548.571411,1487.000000,0.000000,11.695312,0.000000
4.960859,-1.000000,1554.286133,1487.000000,0.000000,11.703125,0.000000
4.980732,-1.000000,1542.857178,1487.000000,0.018097,12.734375,0.000000
5.000469,-1.000000,1542.857178,1487.000000,0.018097,12.804688,0.000000
5.020566,-1.000000,1514.285889,1487.000000,0.160955,12.289062,0.000000
5.040907,-1.000000,1485.714600,1487.000000,0.160955,11.257812,12.875000
5.060716,-1.000000,1485.714600,1487.000000,0.303812,11.015625,14.843750
5.081798,-1.000000,1451.428589,1487.000000,0.475234,9.335938,43.031250
5.100572,-1.000000,1451.428589,1487.000000,0.475234,9.351562,46.125000
5.120596,-1.000000,1428.571289,1487.000000,0.589526,8.359375,50.187500
5.141113,-1.000000,1399.999878,1487.000000,0.732383,7.585938,69.593750
5.160574,-1.000000,1399.999878,1487.000000,0.732383,7.328125,76.125000
5.180633,-1.000000,1382.857178,1487.000000,0.818110,7.132812,72.687500
5.200563,-1.000000,1371.428711,1487.000000,0.868740,6.757812,76.531250
5.220602,-1.000000,1371.428711,1487.000000,0.875240,7.398438,54.000000
5.240506,-1.000000,1382.857178,1487.000000,0.818110,6.945312,61.875000
5.260498,-1.000000,1400.000488,1487.000000,0.818110,7.554688,59.000000
5.280536,-1.000000,1400.000488,1487.000000,0.732383,7.664062,48.625000
5.300454,-1.000000,1428.571777,1487.000000,0.589526,8.609375,40.468750
5.320543,-1.000000,1451.428833,1487.000000,0.589526,8.976562,39.156250
5.340530,-1.000000,1451.428833,1487.000000,0.475234,9.710938,35.031250
5.360812,-1.000000,1480.000244,1487.000000,0.332377,11.125000,8.718750
5.380455,-1.000000,1480.000244,1487.000000,0.332377,11.195312,7.468750
5.400595,-1.000000,1520.000244,1487.000000,0.132389,12.710938,0.000000
5.420534,-1.000000,1531.428589,1487.000000,0.075228,13.093750,0.000000
5.440620,-1.000000,1531.428589,1487.000000,0.075228,13.062500,0.000000
5.460718,-1.000000,1548.571289,1487.000000,0.000000,11.593750,0.000000
5.480513,-1.000000,1548.571533,1487.000000,0.000000,11.562500,0.000000
5.500904,-1.000000,1548.571533,1487.000000,0.000000,11.554688,0.000000
5.520663,-1.000000,1537.142578,1487.000000,0.046663,12.960938,0.000000
5.540536,-1.000000,1520.000000,1487.000000,0.046663,12.632812,0.000000
5.560488,-1.000000,1520.000000,1487.000000,0.132389,12.453125,0.000000
5.580787,-1.000000,1491.428589,1487.000000,0.275246,11.398438,7.812500
5.600646,-1.000000,1491.428589,1487.000000,0.275246,11.265625,9.218750
5.620449,-1.000000,1462.857300,1487.000000,0.418104,9.851562,31.468750
5.640603,-1.000000,1428.571533,1487.000000,0.589526,8.273438,53.437500
5.661006,-1.000000,1428.571533,1487.000000,0.589526,8.078125,67.562500
5.680601,-1.000000,1411.428467,1487.000000,0.675253,7.859375,52.718750
5.700440,-1.000000,1394.285889,1487.000000,0.760949,7.367188,69.968750
5.720648,-1.000000,1394.285889,1487.000000,0.760949,7.328125,63.125000
5.740724,-1.000000,1382.856934,1487.000000,0.818110,7.031250,73.843750
5.760505,-1.000000,1388.571533,1487.000000,0.818110,7.187500,61.687500
5.780491,-1.000000,1388.571533,1487.000000,0.789514,7.273438,61.093750
5.800442,-1.000000,1400.000000,1487.000000,0.732383,7.585938,58.656250
5.820556,-1.000000,1422.857300,1487.000000,0.732383,7.906250,58.562500
5.840939,-1.000000,1422.857300,1487.000000,0.618091,8.343750,55.656250
5.860573,-1.000000,1451.428711,1487.000000,0.475234,9.601562,29.000000
5.880699,-1.000000,1451.428711,1487.000000,0.475234,9.718750,32.312500
5.901496,-1.000000,1480.000122,1487.000000,0.332377,10.992188,7.187500
5.920644,-1.000000,1514.285889,1487.000000,0.160955,12.093750,0.000000
5.940608,-1.000000,1514.285889,1487.000000,0.160955,12.500000,0.000000
5.960453,-1.000000,1525.714600,1487.000000,0.103824,12.921875,0.000000
5.980445,-1.000000,1542.857422,1487.000000,0.018097,12.789062,0.000000
6.000503,-1.000000,1542.857422,1487.000000,0.018097,12.664062,0.000000
6.020582,-1.000000,1542.857178,1487.000000,0.018097,12.656250,0.000000
6.040523,-1.000000,1531.428711,1487.000000,0.018097,12.945312,0.000000
6.060503,-1.000000,1531.428711,1487.000000,0.075228,12.890625,0.000000
6.080455,-1.000000,1514.285522,1487.000000,0.160955,12.250000,0.000000
6.100556,-1.000000,1514.285522,1487.000000,0.160955,12.164062,0.000000
6.120884,-1.000000,1474.285522,1487.000000,0.360942,10.445312,26.000000
6.140968,-1.000000,1445.713989,1487.000000,0.503800,9.156250,48.875000
6.160638,-1.000000,1445.713989,1487.000000,0.503800,8.914062,52.875000
6.180695,-1.000000,1411.428345,1487.000000,0.675253,7.773438,58.093750
6.200526,-1.000000,1388.571289,1487.000000,0.789514,7.046875,60.843750
6.220518,-1.000000,1388.571289,1487.000000,0.782220,6.859375,80.531250
6.240585,-1.000000,1371.428711,1487.000000,0.875240,8.218750,0.000000
6.260957,-1.000000,1365.714111,1487.000000,0.875240,8.789062,25.968750
6.280576,-1.000000,1365.714111,1487.000000,0.896756,7.085938,61.093750
6.300480,-1.000000,1365.714355,1487.000000,0.000000,11.093750,9.500000
6.320556,-1.000000,1382.857300,1487.000000,0.903806,7.718750,32.437500
6.340588,-1.000000,1382.857300,1487.000000,0.818110,7.164062,67.156250
6.360492,-1.000000,1411.428833,1487.000000,0.675253,8.015625,51.593750
6.380626,-1.000000,1411.428833,1487.000000,0.675253,8.031250,59.062500
6.400652,-1.000000,1434.285889,1487.000000,0.560961,8.953125,46.406250
6.420521,-1.000000,1468.571533,1487.000000,0.389538,10.476562,17.718750
6.440561,-1.000000,1468.571533,1487.000000,0.389538,10.484375,17.218750
6.460536,-1.000000,1502.857178,1487.000000,0.218085,12.031250,0.000000
6.480531,-1.000000,1514.285645,1487.000000,0.160955,12.609375,0.000000
6.500697,-1.000000,1514.285645,1487.000000,0.160955,12.437500,0.000000
6.520568,-1.000000,1531.428467,1487.000000,0.075228,13.070312,0.000000
6.540634,-1.000000,1537.143066,1487.000000,0.075228,12.968750,0.000000
6.560957,-1.000000,1537.143066,1487.000000,0.046663,13.070312,0.000000
6.580796,-1.000000,1531.428589,1487.000000,0.075228,13.007812,0.000000
6.600522,-1.000000,1531.428589,1487.000000,0.075228,12.859375,0.000000
6.620572,-1.000000,1520.000000,1487.000000,0.132389,12.570312,0.000000
6.640612,-1.000000,1491.428589,1487.000000,0.275246,11.468750,2.218750
6.660580,-1.000000,1491.428589,1487.000000,0.275246,11.343750,8.187500
6.680692,-1.000000,1462.857056,1487.000000,0.418104,9.789062,36.656250
6.700537,-1.000000,1434.285645,1487.000000,0.560961,8.742188,58.312500
6.720767,-1.000000,1434.285645,1487.000000,0.560961,8.734375,50.968750
6.740488,-1.000000,1411.428467,1487.000000,0.675253,7.992188,64.750000
6.760816,-1.000000,1388.571533,1487.000000,0.675253,7.210938,59.468750
6.780519,-1.000000,1388.571533,1487.000000,0.789514,6.867188,77.406250
6.800597,-1.000000,1388.571289,1487.000000,0.789514,7.031250,59.781250
6.820498,-1.000000,1388.571411,1487.000000,0.789514,7.179688,74.343750
6.840494,-1.000000,1388.571411,1487.000000,0.789514,7.171875,75.593750
6.860560,-1.000000,1399.999878,1487.000000,0.732383,7.671875,45.593750
6.880620,-1.000000,1399.999878,1487.000000,0.732383,7.656250,57.156250
6.900525,-1.000000,1422.857178,1487.000000,0.618091,8.578125,45.968750
6.920629,-1.000000,1451.428589,1487.000000,0.475234,9.632812,27.468750
6.940495,-1.000000,1451.428589,1487.000000,0.475234,9.726562,30.656250
6.960891,-1.000000,1480.000244,1487.000000,0.332377,11.007812,8.312500
6.980506,-1.000000,1514.285889,1487.000000,0.160955,12.210938,0.000000
7.000734,-1.000000,1514.285889,1487.000000,0.160955,12.640625,0.000000
7.020552,-1.000000,1531.428711,1487.000000,0.075228,13.125000,0.000000
7.040554,-1.000000,1542.857178,1487.000000,0.075228,12.734375,0.000000
7.060595,-1.000000,1542.857178,1487.000000,0.018097,12.859375,0.000000
7.080593,-1.000000,1542.857300,1487.000000,0.018097,12.742188,0.000000
7.100715,-1.000000,1542.857300,1487.000000,0.018097,12.609375,0.000000
7.120597,-1.000000,1531.428711,1487.000000,0.075228,12.796875,0.000000
7.140513,-1.000000,1508.571411,1487.000000,0.189520,11.984375,0.000000
7.161028,-1.000000,1508.571411,1487.000000,0.189520,11.953125,0.000000
7.180563,-1.000000,1474.285767,1487.000000,0.360942,10.617188,25.687500
7.200679,-1.000000,1445.714355,1487.000000,0.503800,8.992188,56.562500
7.220445,-1.000000,1445.714355,1487.000000,0.503800,9.070312,38.125000
7.240509,-1.000000,1411.428711,1487.000000,0.675253,7.617188,68.843750
7.260569,-1.000000,1388.571533,1487.000000,0.675253,7.242188,79.000000
7.280500,-1.000000,1388.571533,1487.000000,0.789514,7.015625,57.656250
7.300548,-1.000000,1371.428467,1487.000000,0.875240,7.703125,67.281250
7.320546,-1.000000,1365.714233,1487.000000,0.875240,7.320312,32.312500
7.340655,-1.000000,1365.714233,1487.000000,0.903806,8.804688,25.750000
7.360843,-1.000000,1371.428589,1487.000000,0.875240,7.195312,65.031250
7.380718,-1.000000,1371.428589,1487.000000,0.875240,9.007812,25.343750
7.400824,-1.000000,1394.285645,1487.000000,0.760949,7.414062,47.875000
7.420734,-1.000000,1422.857178,1487.000000,0.618091,8.421875,42.250000
7.440443,-1.000000,1422.857178,1487.000000,0.618091,8.492188,43.625000
7.460681,-1.000000,1451.428955,1487.000000,0.475234,9.734375,33.906250
7.480494,-1.000000,1485.714600,1487.000000,0.303812,11.257812,6.125000
7.500633,-1.000000,1485.714600,1487.000000,0.303812,11.320312,3.968750
7.520678,-1.000000,1514.285889,1487.000000,0.160955,12.546875,0.000000
7.540483,-1.000000,1531.428711,1487.000000,0.160955,12.992188,0.000000
7.561169,-1.000000,1531.428711,1487.000000,0.075228,13.078125,0.000000
7.580402,-1.000000,1542.857300,1487.000000,0.018097,12.773438,0.000000
7.600536,-1.000000,1542.857300,1487.000000,0.018097,12.742188,0.000000
7.620729,-1.000000,1548.571655,1487.000000,0.000000,11.695312,0.000000
7.640792,-1.000000,1537.142822,1487.000000,0.046663,12.859375,0.000000
7.660607,-1.000000,1537.142822,1487.000000,0.046663,12.882812,0.000000
7.680578,-1.000000,1514.285767,1487.000000,0.160955,12.289062,0.000000
7.701019,-1.000000,1480.000000,1487.000000,0.332377,11.000000,14.500000
7.720523,-1.000000,1480.000000,1487.000000,0.332377,10.742188,19.093750
7.740524,-1.000000,1451.428223,1487.000000,0.475234,9.289062,36.375000
7.760890,-1.000000,1422.856934,1487.000000,0.475234,8.351562,66.875000
7.781689,-1.000000,1422.856934,1487.000000,0.618091,8.046875,66.187500
7.800474,-1.000000,1400.000000,1487.000000,0.732383,7.492188,62.531250
7.820545,-1.000000,1382.856812,1487.000000,0.732383,7.468750,66.187500
7.840569,-1.000000,1382.856812,1487.000000,0.818110,7.023438,63.843750
7.860499,-1.000000,1377.142578,1487.000000,0.846675,6.851562,78.687500
7.880595,-1.000000,1377.142578,1487.000000,0.846675,6.937500,66.656250
7.900567,-1.000000,1382.856934,1487.000000,0.818110,6.898438,60.125000
7.920616,-1.000000,1400.000000,1487.000000,0.732383,7.359375,49.625000
7.940493,-1.000000,1400.000000,1487.000000,0.732383,7.296875,63.375000
7.960913,-1.000000,1428.571289,1487.000000,0.589526,8.351562,45.375000
7.980722,-1.000000,1457.142822,1487.000000,0.446669,9.601562,25.406250
8.000847,-1.000000,1457.142822,1487.000000,0.446669,9.734375,24.093750
8.020549,-1.000000,1491.428467,1487.000000,0.275246,11.171875,0.000000
8.040572,-1.000000,1508.571289,1487.000000,0.275246,11.882812,0.000000
8.060524,-1.000000,1508.571289,1487.000000,0.189520,11.984375,0.000000
8.080658,-1.000000,1531.428589,1487.000000,0.075228,12.726562,0.000000
8.100537,-1.000000,1531.428589,1487.000000,0.075228,12.648438,0.000000
8.120618,-1.000000,1542.857300,1487.000000,0.018097,12.156250,0.000000
8.140471,-1.000000,1542.857056,1487.000000,0.018097,11.984375,0.000000
8.160606,-1.000000,1542.857056,1487.000000,0.018097,11.804688,0.000000
8.180507,-1.000000,1525.714355,1487.000000,0.103824,11.804688,0.000000
8.200503,-1.000000,1502.856934,1487.000000,0.218085,10.921875,0.000000
8.220636,-1.000000,1502.856934,1487.000000,0.218085,10.890625,0.000000
8.240473,-1.000000,1462.856934,1487.000000,0.418104,9.453125,27.062500
8.261101,-1.000000,1440.000000,1487.000000,0.418104,8.562500,38.656250
8.280531,-1.000000,1440.000000,1487.000000,0.532395,8.468750,43.375000
8.300776,-1.000000,1417.142822,1487.000000,0.646657,7.453125,50.750000
8.320909,-1.000000,1388.571411,1487.000000,0.646657,7.351562,50.281250
8.340636,-1.000000,1388.571411,1487.000000,0.789514,6.656250,49.406250
8.360475,-1.000000,1365.714355,1487.000000,0.903806,7.062500,53.375000
8.380690,-1.000000,1365.714355,1487.000000,0.903806,6.554688,65.500000
8.400492,-1.000000,1359.999756,1487.000000,0.932371,7.546875,55.218750
8.420732,-1.000000,1371.428711,1487.000000,0.875240,7.195312,19.718750
8.440617,-1.000000,1371.428711,1487.000000,0.875240,6.453125,65.875000
8.461151,-1.000000,1382.857178,1487.000000,0.818110,6.726562,67.156250
8.480750,-1.000000,1411.428955,1487.000000,0.675253,7.656250,43.156250
8.500564,-1.000000,1411.428955,1487.000000,0.675253,7.359375,60.343750
8.520471,-1.000000,1417.143066,1487.000000,0.646657,7.742188,44.093750
8.540880,-1.000000,1428.571777,1487.000000,0.646657,8.093750,45.531250
8.560611,-1.000000,1428.571777,1487.000000,0.589526,8.132812,54.468750
8.580441,-1.000000,1434.285767,1487.000000,0.560961,8.250000,50.906250
8.600696,-1.000000,1434.285767,1487.000000,0.560961,8.515625,46.343750
8.620520,-1.000000,1440.000000,1487.000000,0.532395,8.718750,36.625000
8.640463,-1.000000,1434.285889,1487.000000,0.560961,8.578125,37.500000
8.660514,-1.000000,1434.285889,1487.000000,0.560961,8.687500,43.031250
8.680642,-1.000000,1434.285645,1487.000000,0.560961,8.687500,44.812500
8.700720,-1.000000,1434.285889,1487.000000,0.560961,8.671875,41.718750
8.720722,-1.000000,1434.285889,1487.000000,0.560961,8.789062,42.281250
8.740484,-1.000000,1434.285645,1487.000000,0.560961,8.820312,46.468750
8.760938,-1.000000,1440.000244,1487.000000,0.560961,8.953125,36.500000
8.780509,-1.000000,1440.000244,1487.000000,0.532395,9.070312,38.593750
8.800626,-1.000000,1457.143066,1487.000000,0.446669,9.773438,24.250000
8.820952,-1.000000,1480.000122,1487.000000,0.446669,9.906250,18.687500
8.840591,-1.000000,1480.000122,1487.000000,0.332377,10.804688,6.312500
8.860837,-1.000000,1497.143188,1487.000000,0.246681,11.210938,0.000000
8.880614,-1.000000,1497.143188,1487.000000,0.246681,11.421875,0.000000
8.900874,-1.000000,1514.285889,1487.000000,0.160955,12.140625,0.000000
8.920633,-1.000000,1514.285889,1487.000000,0.160955,12.179688,0.000000
8.940488,-1.000000,1514.285889,1487.000000,0.160955,12.179688,0.000000
8.960446,-1.000000,1520.000244,1487.000000,0.132389,12.476562,0.000000
8.980469,-1.000000,1514.285645,1487.000000,0.160955,12.070312,0.000000
9.000528,-1.000000,1514.285645,1487.000000,0.160955,11.976562,0.000000
9.020529,-1.000000,1502.857178,1487.000000,0.218085,11.359375,0.000000
9.040432,-1.000000,1479.999756,1487.000000,0.218085,10.390625,9.906250
9.060693,-1.000000,1479.999756,1487.000000,0.332377,10.039062,11.281250
9.080710,-1.000000,1462.857056,1487.000000,0.418104,9.273438,25.250000
9.100523,-1.000000,1462.857056,1487.000000,0.418104,9.148438,23.093750
9.120609,-1.000000,1439.999756,1487.000000,0.532395,8.234375,41.406250
9.140546,-1.000000,1428.571411,1487.000000,0.589526,7.953125,36.937500
9.160529,-1.000000,1428.571411,1487.000000,0.589526,7.820312,51.250000
9.180551,-1.000000,1417.142700,1487.000000,0.646657,7.578125,53.187500
9.200495,-1.000000,1411.428467,1487.000000,0.675253,7.429688,52.156250
9.220780,-1.000000,1411.428467,1487.000000,0.675253,7.492188,45.906250
9.240616,-1.000000,1411.428223,1487.000000,0.675253,7.343750,48.156250
9.260497,-1.000000,1417.142822,1487.000000,0.675253,7.648438,42.656250
9.281240,-1.000000,1417.142822,1487.000000,0.646657,7.742188,39.000000
9.300630,-1.000000,1434.285645,1487.000000,0.560961,8.421875,39.656250
9.320604,-1.000000,1451.428589,1487.000000,0.560961,8.593750,29.187500
9.340467,-1.000000,1451.428589,1487.000000,0.475234,9.109375,23.250000
9.360616,-1.000000,1474.285645,1487.000000,0.360942,10.007812,8.375000
9.380557,-1.000000,1474.285645,1487.000000,0.360942,10.132812,9.031250
9.400596,-1.000000,1491.428711,1487.000000,0.275246,10.890625,0.000000
9.420629,-1.000000,1508.571655,1487.000000,0.189520,11.453125,0.000000
9.440578,-1.000000,1508.571655,1487.000000,0.189520,11.609375,0.000000
9.461133,-1.000000,1514.285889,1487.000000,0.160955,11.656250,0.000000
9.480516,-1.000000,1520.000488,1487.000000,0.132389,11.820312,0.000000
9.500706,-1.000000,1520.000488,1487.000000,0.132389,11.765625,0.000000
9.521313,-1.000000,1514.285889,1487.000000,0.160955,11.562500,0.000000
9.540719,-1.000000,1502.857422,1487.000000,0.160955,11.226562,0.000000
9.560626,-1.000000,1502.857422,1487.000000,0.218085,11.062500,0.000000
9.580913,-1.000000,1485.714478,1487.000000,0.303812,10.523438,2.687500
9.600558,-1.000000,1485.714478,1487.000000,0.303812,10.398438,7.093750
9.621051,-1.000000,1468.571533,1487.000000,0.389538,9.679688,23.906250
9.640638,-1.000000,1445.714233,1487.000000,0.503800,8.835938,39.000000
9.660495,-1.000000,1445.714233,1487.000000,0.503800,8.687500,39.593750
9.680443,-1.000000,1428.571533,1487.000000,0.589526,8.007812,38.718750
9.700496,-1.000000,1417.143066,1487.000000,0.646657,7.546875,53.750000
9.721068,-1.000000,1417.143066,1487.000000,0.646657,7.593750,53.843750
9.740657,-1.000000,1405.714111,1487.000000,0.703818,7.335938,41.218750
9.760706,-1.000000,1411.428711,1487.000000,0.703818,7.492188,44.875000
9.780501,-1.000000,1411.428711,1487.000000,0.675253,7.546875,54.156250
9.800712,-1.000000,1422.857178,1487.000000,0.618091,7.898438,46.968750
9.821267,-1.000000,1434.286011,1487.000000,0.618091,8.054688,29.468750
9.840574,-1.000000,1434.286011,1487.000000,0.560961,8.421875,44.062500
9.860460,-1.000000,1451.428833,1487.000000,0.475234,9.187500,26.937500
9.880582,-1.000000,1451.428833,1487.000000,0.475234,9.257812,26.625000
9.900727,-1.000000,1474.286133,1487.000000,0.360942,10.156250,9.000000
9.921008,-1.000000,1497.143433,1487.000000,0.246681,10.859375,0.000000
9.940602,-1.000000,1497.143433,1487.000000,0.246681,11.085938,0.000000
9.960554,-1.000000,1508.571777,1487.000000,0.189520,11.546875,0.000000
9.980441,-1.000000,1520.000732,1487.000000,0.132389,11.906250,0.000000
10.000559,-1.000000,1520.000732,1487.000000,0.132389,12.007812,0.000000
10.021088,-1.000000,1520.000488,1487.000000,0.132389,11.914062,0.000000
10.040583,-1.000000,1514.286377,1487.000000,0.132389,11.687500,0.000000
10.060513,-1.000000,1514.286377,1487.000000,0.160955,11.679688,0.000000
10.080509,-1.000000,1502.857544,1487.000000,0.218085,11.226562,0.000000
10.100614,-1.000000,1502.857544,1487.000000,0.218085,11.179688,0.000000
10.120744,-1.000000,1480.000488,1487.000000,0.332377,10.281250,14.125000
10.140660,-1.000000,1462.857300,1487.000000,0.418104,9.656250,26.500000
10.160595,-1.000000,1462.857300,1487.000000,0.418104,9.523438,26.093750
10.180853,-1.000000,1445.714600,1487.000000,0.503800,8.781250,34.843750
10.200530,-1.000000,1428.571289,1487.000000,0.589526,8.015625,52.000000
10.220484,-1.000000,1428.571289,1487.000000,0.589526,8.093750,46.062500
10.240668,-1.000000,1417.142822,1487.000000,0.646657,7.703125,49.593750
10.260449,-1.000000,1411.428223,1487.000000,0.646657,7.515625,52.500000
10.280563,-1.000000,1411.428223,1487.000000,0.675253,7.414062,45.750000
10.300669,-1.000000,1411.428467,1487.000000,0.675253,7.562500,51.250000
10.320489,-1.000000,1422.857056,1487.000000,0.675253,7.617188,48.562500
10.340566,-1.000000,1422.857056,1487.000000,0.618091,8.000000,36.906250
10.360541,-1.000000,1440.000000,1487.000000,0.532395,8.484375,32.375000
10.380572,-1.000000,1440.000000,1487.000000,0.532395,8.554688,30.000000
10.400879,-1.000000,1457.142822,1487.000000,0.446669,9.226562,22.750000
10.420581,-1.000000,1474.285645,1487.000000,0.360942,9.953125,7.312500
10.440576,-1.000000,1474.285645,1487.000000,0.360942,9.984375,7.375000
10.460955,-1.000000,1491.428955,1487.000000,0.275246,10.523438,0.000000
10.480543,-1.000000,1497.143066,1487.000000,0.246681,10.781250,0.000000
10.500509,-1.000000,1497.143066,1487.000000,0.246681,10.695312,0.000000
10.520811,-1.000000,1485.714600,1487.000000,0.303812,10.437500,2.875000
10.540570,-1.000000,1474.286133,1487.000000,0.303812,9.781250,21.375000
10.560538,-1.000000,1474.286133,1487.000000,0.360942,9.664062,18.656250
10.580508,-1.000000,1445.714478,1487.000000,0.503800,8.437500,37.468750
10.600611,-1.000000,1445.714478,1487.000000,0.503800,8.453125,40.375000
10.621080,-1.000000,1422.857178,1487.000000,0.618091,7.703125,41.687500
10.640500,-1.000000,1394.285767,1487.000000,0.760949,6.562500,60.125000
10.660816,-1.000000,1394.285767,1487.000000,0.760949,6.968750,58.593750
10.680841,-1.000000,1371.428711,1487.000000,0.860408,7.914062,53.687500
10.700537,-1.000000,1354.285889,1487.000000,0.960967,8.015625,39.812500
10.720794,-1.000000,1354.285889,1487.000000,0.960967,7.601562,48.718750
10.740898,-1.000000,1348.571289,1487.000000,0.989532,8.257812,18.062500
10.760472,-1.000000,1360.000000,1487.000000,0.989532,6.718750,74.562500
10.780555,-1.000000,1360.000000,1487.000000,0.932371,7.515625,39.687500
10.800500,-1.000000,1348.571533,1487.000000,0.989532,7.937500,11.500000
10.820809,-1.000000,1354.285767,1487.000000,0.949522,9.250000,23.812500
10.840615,-1.000000,1354.285767,1487.000000,0.960967,6.671875,82.281250
10.860587,-1.000000,1354.285645,1487.000000,0.960967,9.226562,0.000000
10.880589,-1.000000,1354.285645,1487.000000,0.000000,7.343750,70.687500
10.900561,-1.000000,1354.285645,1487.000000,0.960967,7.312500,89.906250
10.920620,-1.000000,1360.000122,1487.000000,0.774438,7.304688,89.375000
10.940482,-1.000000,1360.000122,1487.000000,0.932371,8.171875,1.843750
10.960546,-1.000000,1360.000000,1487.000000,0.932371,7.945312,0.000000
10.980512,-1.000000,1360.000000,1487.000000,0.932371,8.398438,8.750000
11.000519,-1.000000,1360.000000,1487.000000,0.000000,10.609375,0.000000
11.021655,-1.000000,1360.000244,1487.000000,0.000000,10.914062,0.000000
11.040784,-1.000000,1388.571533,1487.000000,0.932371,7.203125,54.250000
11.060729,-1.000000,1388.571533,1487.000000,0.789514,7.250000,70.218750
11.080669,-1.000000,1411.428833,1487.000000,0.675253,7.773438,52.281250
11.100585,-1.000000,1411.428833,1487.000000,0.675253,7.976562,51.093750
11.120771,-1.000000,1434.286133,1487.000000,0.560961,8.687500,37.062500
11.140690,-1.000000,1468.571777,1487.000000,0.389538,10.109375,14.531250
11.160640,-1.000000,1468.571777,1487.000000,0.389538,10.226562,14.812500
11.180484,-1.000000,1485.714600,1487.000000,0.303812,10.921875,0.000000
11.200678,-1.000000,1508.571655,1487.000000,0.189520,11.664062,0.000000
11.220453,-1.000000,1508.571655,1487.000000,0.189520,11.976562,0.000000
11.240521,-1.000000,1520.000488,1487.000000,0.132389,12.414062,0.000000
11.260707,-1.000000,1531.428955,1487.000000,0.132389,12.617188,0.000000
11.280583,-1.000000,1531.428955,1487.000000,0.075228,12.656250,0.000000
11.300784,-1.000000,1525.714844,1487.000000,0.103824,12.601562,0.000000
11.320510,-1.000000,1514.286011,1487.000000,0.103824,12.585938,0.000000
11.340540,-1.000000,1514.286011,1487.000000,0.160955,11.992188,0.000000
11.360511,-1.000000,1497.143311,1487.000000,0.246681,11.203125,0.000000
11.380451,-1.000000,1497.143311,1487.000000,0.246681,11.218750,0.000000
11.400493,-1.000000,1468.571777,1487.000000,0.389538,10.023438,28.250000
11.420777,-1.000000,1451.428833,1487.000000,0.475234,9.289062,37.031250
11.440493,-1.000000,1451.428833,1487.000000,0.475234,9.203125,32.687500
11.460502,-1.000000,1428.571777,1487.000000,0.589526,8.421875,49.843750
11.480531,-1.000000,1411.428467,1487.000000,0.675253,7.492188,55.250000
11.500699,-1.000000,1411.428467,1487.000000,0.675253,7.476562,50.875000
11.520478,-1.000000,1400.000000,1487.000000,0.732383,7.187500,49.125000
11.540508,-1.000000,1399.999756,1487.000000,0.732383,7.296875,56.093750
11.560627,-1.000000,1399.999756,1487.000000,0.732383,7.210938,48.875000
11.580652,-1.000000,1411.428589,1487.000000,0.675253,7.601562,46.687500
11.600612,-1.000000,1411.428589,1487.000000,0.675253,7.609375,46.375000
11.620512,-1.000000,1428.571533,1487.000000,0.589526,8.312500,40.593750
11.640747,-1.000000,1451.428589,1487.000000,0.475234,9.164062,24.281250
11.660431,-1.000000,1451.428589,1487.000000,0.475234,9.187500,24.250000
11.680449,-1.000000,1468.571411,1487.000000,0.389538,9.953125,14.312500
11.700650,-1.000000,1491.428467,1487.000000,0.275246,10.726562,0.000000
11.720528,-1.000000,1491.428467,1487.000000,0.275246,10.890625,0.000000
11.740534,-1.000000,1502.857422,1487.000000,0.218085,11.382812,0.000000
11.760534,-1.000000,1491.428955,1487.000000,0.218085,11.000000,7.625000
11.781176,-1.000000,1491.428955,1487.000000,0.275246,11.023438,3.593750
11.800629,-1.000000,1480.000000,1487.000000,0.332377,10.476562,17.343750
11.820777,-1.000000,1457.142944,1487.000000,0.332377,10.328125,23.062500
11.841119,-1.000000,1457.142944,1487.000000,0.446669,9.390625,35.875000
11.860523,-1.000000,1434.285645,1487.000000,0.560961,8.406250,58.156250
11.880827,-1.000000,1434.285645,1487.000000,0.560961,8.539062,44.875000
11.900560,-1.000000,1411.428589,1487.000000,0.675253,7.804688,52.593750
11.920502,-1.000000,1394.285645,1487.000000,0.760949,7.078125,54.656250
11.940510,-1.000000,1394.285645,1487.000000,0.760949,7.132812,54.125000
11.960715,-1.000000,1377.142822,1487.000000,0.846675,8.492188,46.406250
11.980903,-1.000000,1377.143066,1487.000000,0.846675,6.921875,71.281250
12.000556,-1.000000,1377.143066,1487.000000,0.846675,6.875000,68.625000
12.020840,-1.000000,1405.714355,1487.000000,0.703818,7.656250,47.625000
12.040472,-1.000000,1428.571533,1487.000000,0.703818,8.226562,38.625000
12.060849,-1.000000,1428.571533,1487.000000,0.589526,8.664062,41.593750
12.080553,-1.000000,1462.857056,1487.000000,0.418104,10.062500,20.000000
12.100598,-1.000000,1462.857056,1487.000000,0.418104,10.132812,18.718750
12.120707,-1.000000,1491.428467,1487.000000,0.275246,11.296875,0.000000
12.140561,-1.000000,1514.285767,1487.000000,0.160955,12.273438,0.000000
12.160639,-1.000000,1514.285767,1487.000000,0.160955,12.335938,0.000000
12.180921,-1.000000,1531.428833,1487.000000,0.075228,12.632812,0.000000
12.200762,-1.000000,1548.571533,1487.000000,0.000000,11.390625,0.000000
12.220555,-1.000000,1548.571533,1487.000000,0.000000,11.250000,0.000000
12.240655,-1.000000,1548.571289,1487.000000,0.000000,11.265625,0.000000
12.260709,-1.000000,1531.428711,1487.000000,0.000000,12.578125,0.000000
12.281061,-1.000000,1531.428711,1487.000000,0.075228,12.546875,0.000000
12.300549,-1.000000,1514.285645,1487.000000,0.160955,12.031250,0.000000
12.320966,-1.000000,1480.000122,1487.000000,0.160955,11.843750,0.000000
12.340650,-1.000000,1480.000122,1487.000000,0.332377,10.679688,18.187500
12.360751,-1.000000,1462.857178,1487.000000,0.418104,9.882812,31.312500
12.380921,-1.000000,1462.857178,1487.000000,0.418104,9.750000,30.468750
12.400545,-1.000000,1440.000122,1487.000000,0.532395,8.796875,42.125000
12.420479,-1.000000,1417.142822,1487.000000,0.646657,8.054688,59.281250
12.440546,-1.000000,1417.142822,1487.000000,0.646657,7.859375,49.656250
12.460835,-1.000000,1394.285645,1487.000000,0.760949,7.125000,65.593750
12.480646,-1.000000,1388.571533,1487.000000,0.789514,7.078125,56.531250
12.500593,-1.000000,1388.571533,1487.000000,0.789514,7.234375,68.750000
12.520835,-1.000000,1394.285645,1487.000000,0.760949,7.398438,59.937500
12.540511,-1.000000,1405.714600,1487.000000,0.760949,7.406250,57.625000
12.560657,-1.000000,1405.714600,1487.000000,0.703818,7.718750,51.531250
12.580511,-1.000000,1434.285767,1487.000000,0.560961,8.523438,35.437500
12.600791,-1.000000,1434.285767,1487.000000,0.560961,8.539062,33.812500
12.620536,-1.000000,1451.428833,1487.000000,0.475234,9.140625,24.375000
12.640624,-1.000000,1480.000244,1487.000000,0.332377,10.132812,7.593750
12.661224,-1.000000,1480.000244,1487.000000,0.332377,10.312500,0.000000
12.680724,-1.000000,1502.857300,1487.000000,0.218085,11.054688,0.000000
12.700606,-1.000000,1525.714355,1487.000000,0.103824,11.820312,0.000000
12.720561,-1.000000,1525.714355,1487.000000,0.103824,11.867188,0.000000
12.740703,-1.000000,1537.143311,1487.000000,0.046663,11.984375,0.000000
12.762644,-1.000000,1537.143066,1487.000000,0.046663,11.921875,0.000000
12.780795,-1.000000,1537.143066,1487.000000,0.046663,12.007812,0.000000
12.800516,-1.000000,1525.714600,1487.000000,0.103824,12.015625,0.000000
12.820661,-1.000000,1502.857300,1487.000000,0.103824,11.859375,0.000000
12.840750,-1.000000,1502.857300,1487.000000,0.218085,11.109375,0.000000
12.860713,-1.000000,1474.285889,1487.000000,0.360942,10.320312,9.656250
12.880620,-1.000000,1474.285889,1487.000000,0.360942,9.937500,18.937500
12.901226,-1.000000,1445.714355,1487.000000,0.503800,8.617188,46.031250
12.920868,-1.000000,1417.142700,1487.000000,0.646657,7.726562,53.312500
12.940472,-1.000000,1417.142700,1487.000000,0.646657,7.343750,64.718750
12.960493,-1.000000,1388.571289,1487.000000,0.789514,6.328125,79.437500
12.980579,-1.000000,1359.999756,1487.000000,0.932371,8.875000,3.875000
13.000758,-1.000000,1359.999756,1487.000000,0.932371,7.500000,64.437500
13.020430,-1.000000,1331.428223,1487.000000,1.000000,7.562500,10.406250
13.041414,-1.000000,1308.571045,1487.000000,0.000000,9.171875,61.093750
13.060830,-1.000000,1308.571045,1487.000000,0.972320,6.796875,75.812500
13.080701,-1.000000,1297.142700,1487.000000,0.000000,10.984375,0.000000
13.100569,-1.000000,1297.142700,1487.000000,0.628681,6.960938,67.500000
13.120449,-1.000000,1291.428467,1487.000000,1.000000,7.437500,64.187500
13.140512,-1.000000,1285.714233,1487.000000,1.000000,6.414062,84.937500
13.161025,-1.000000,1285.714233,1487.000000,1.000000,8.226562,0.000000
13.180562,-1.000000,1285.714355,1487.000000,1.000000,8.328125,22.937500
13.200515,-1.000000,1297.142578,1487.000000,1.000000,7.507812,34.093750
13.220532,-1.000000,1297.142578,1487.000000,1.000000,8.445312,66.500000
13.240668,-1.000000,1314.285645,1487.000000,1.000000,8.171875,49.218750
13.260458,-1.000000,1337.142578,1487.000000,1.000000,8.031250,0.000000
13.280729,-1.000000,1337.142578,1487.000000,1.000000,7.906250,18.937500
13.300435,-1.000000,1371.428711,1487.000000,0.875240,7.164062,41.937500
13.320501,-1.000000,1400.000122,1487.000000,0.875240,7.226562,53.312500
13.340502,-1.000000,1400.000122,1487.000000,0.732383,7.570312,42.718750
13.360449,-1.000000,1434.286011,1487.000000,0.560961,8.789062,36.968750
13.380472,-1.000000,1434.286011,1487.000000,0.560961,8.929688,39.187500
13.400786,-1.000000,1468.571777,1487.000000,0.389538,10.304688,16.312500
13.420534,-1.000000,1502.857422,1487.000000,0.218085,11.328125,0.000000
13.440622,-1.000000,1502.857422,1487.000000,0.218085,11.578125,0.000000
13.460540,-1.000000,1514.285889,1487.000000,0.160955,11.875000,0.000000
13.480465,-1.000000,1531.428711,1487.000000,0.075228,12.250000,0.000000
13.500489,-1.000000,1531.428711,1487.000000,0.075228,12.046875,0.000000
13.520506,-1.000000,1542.857666,1487.000000,0.018097,11.601562,0.000000
13.540481,-1.000000,1537.143066,1487.000000,0.018097,11.945312,0.000000
13.560633,-1.000000,1537.143066,1487.000000,0.046663,11.898438,0.000000
13.581237,-1.000000,1520.000122,1487.000000,0.132389,11.726562,0.000000
13.600907,-1.000000,1520.000122,1487.000000,0.132389,11.679688,0.000000
13.620593,-1.000000,1491.428467,1487.000000,0.275246,10.695312,0.656250
13.640613,-1.000000,1462.857178,1487.000000,0.418104,9.531250,23.843750
13.660639,-1.000000,1462.857178,1487.000000,0.418104,9.250000,33.656250
13.680739,-1.000000,1428.571533,1487.000000,0.589526,7.984375,43.593750
13.700552,-1.000000,1405.714355,1487.000000,0.703818,7.250000,67.343750
13.720687,-1.000000,1405.714355,1487.000000,0.703818,7.210938,68.031250
13.740583,-1.000000,1371.428711,1487.000000,0.875240,7.757812,62.656250
13.760584,-1.000000,1331.428467,1487.000000,0.875240,7.585938,29.781250
13.780602,-1.000000,1331.428467,1487.000000,1.000000,8.929688,59.312500
13.800575,-1.000000,1302.856934,1487.000000,0.000000,10.828125,0.000000
13.820605,-1.000000,1285.714233,1487.000000,0.000000,7.250000,81.937500
13.840596,-1.000000,1285.714233,1487.000000,0.718253,8.359375,66.437500
13.860461,-1.000000,1280.000000,1487.000000,1.000000,7.359375,68.906250
13.880731,-1.000000,1280.000000,1487.000000,1.000000,7.351562,29.218750
13.900630,-1.000000,1274.285767,1487.000000,1.000000,8.156250,39.656250
13.920506,-1.000000,1274.285889,1487.000000,1.000000,8.429688,27.687500
13.940719,-1.000000,1274.285889,1487.000000,1.000000,6.687500,85.906250
13.960587,-1.000000,1280.000000,1487.000000,1.000000,6.585938,69.875000
13.980681,-1.000000,1297.142822,1487.000000,1.000000,6.687500,74.656250
14.000590,-1.000000,1297.142822,1487.000000,1.000000,6.679688,69.437500
14.020456,-1.000000,1331.428711,1487.000000,1.000000,7.179688,66.312500
14.040723,-1.000000,1360.000000,1487.000000,0.906461,7.414062,77.250000
14.060904,-1.000000,1360.000000,1487.000000,0.932371,8.007812,4.906250
14.080538,-1.000000,1394.286011,1487.000000,0.760949,7.281250,67.375000
14.100574,-1.000000,1394.286011,1487.000000,0.760949,7.414062,55.406250
14.120552,-1.000000,1428.571899,1487.000000,0.589526,8.570312,39.875000
14.140593,-1.000000,1457.143311,1487.000000,0.446669,9.757812,23.406250
14.160490,-1.000000,1457.143311,1487.000000,0.446669,9.781250,24.500000
14.180625,-1.000000,1491.428955,1487.000000,0.275246,11.070312,0.000000
14.200512,-1.000000,1508.571655,1487.000000,0.189520,11.968750,0.000000
14.220443,-1.000000,1508.571655,1487.000000,0.189520,11.875000,0.000000
14.240552,-1.000000,1525.714355,1487.000000,0.103824,12.617188,0.000000
14.260535,-1.000000,1531.428955,1487.000000,0.103824,12.671875,0.000000
14.280856,-1.000000,1531.428955,1487.000000,0.075228,12.726562,0.000000
14.300455,-1.000000,1537.143066,1487.000000,0.046663,12.640625,0.000000
14.320587,-1.000000,1525.714478,1487.000000,0.046663,12.687500,0.000000
14.340557,-1.000000,1525.714478,1487.000000,0.103824,12.453125,0.000000
14.360486,-1.000000,1497.143066,1487.000000,0.246681,11.343750,0.000000
14.380579,-1.000000,1497.143066,1487.000000,0.246681,11.265625,0.000000
14.400527,-1.000000,1474.285767,1487.000000,0.360942,10.375000,23.031250
14.420531,-1.000000,1445.714233,1487.000000,0.503800,9.046875,47.250000
14.440502,-1.000000,1445.714233,1487.000000,0.503800,9.117188,42.437500
14.460451,-1.000000,1428.571533,1487.000000,0.589526,8.250000,46.218750
14.480878,-1.000000,1405.714111,1487.000000,0.703818,7.460938,70.500000
14.500648,-1.000000,1405.714111,1487.000000,0.703818,7.656250,56.062500
14.520517,-1.000000,1394.285645,1487.000000,0.760949,7.234375,56.531250
14.540496,-1.000000,1382.856689,1487.000000,0.760949,7.054688,73.218750
14.560553,-1.000000,1382.856689,1487.000000,0.818110,7.085938,64.125000
14.580429,-1.000000,1394.285522,1487.000000,0.760949,7.453125,59.218750
14.600602,-1.000000,1394.285522,1487.000000,0.760949,7.273438,59.812500
14.620715,-1.000000,1417.142578,1487.000000,0.646657,8.140625,48.437500
14.640957,-1.000000,1439.999878,1487.000000,0.532395,9.054688,38.468750
14.660501,-1.000000,1439.999878,1487.000000,0.532395,9.054688,36.156250
14.680602,-1.000000,1468.571289,1487.000000,0.389538,10.296875,15.250000
14.700875,-1.000000,1497.142578,1487.000000,0.246681,11.281250,0.000000
14.720622,-1.000000,1497.142578,1487.000000,0.246681,11.507812,0.000000
14.740692,-1.000000,1514.285889,1487.000000,0.160955,12.125000,0.000000
14.760549,-1.000000,1531.428711,1487.000000,0.160955,12.531250,0.000000
14.780761,-1.000000,1531.428711,1487.000000,0.075228,12.562500,0.000000
14.800435,-1.000000,1542.857178,1487.000000,0.018097,12.218750,0.000000
14.820770,-1.000000,1531.428589,1487.000000,0.018097,12.523438,0.000000
14.840715,-1.000000,1531.428589,1487.000000,0.075228,12.445312,0.000000
14.860599,-1.000000,1520.000000,1487.000000,0.132389,12.218750,0.000000
14.880910,-1.000000,1520.000000,1487.000000,0.132389,12.242188,0.000000
14.900604,-1.000000,1491.428589,1487.000000,0.275246,11.187500,2.687500
14.920953,-1.000000,1462.857056,1487.000000,0.418104,9.929688,29.906250
14.940707,-1.000000,1462.857056,1487.000000,0.418104,9.671875,29.437500
14.960569,-1.000000,1434.285645,1487.000000,0.560961,8.507812,42.281250
14.980560,-1.000000,1411.428467,1487.000000,0.675253,7.554688,58.187500
15.000451,-1.000000,1411.428467,1487.000000,0.675253,7.617188,47.375000
15.020586,-1.000000,1388.571533,1487.000000,0.789514,6.953125,70.781250
15.040671,-1.000000,1377.142578,1487.000000,0.789514,6.796875,78.343750
15.060571,-1.000000,1377.142578,1487.000000,0.846675,7.476562,53.937500
15.080979,-1.000000,1382.857056,1487.000000,0.818110,6.734375,71.968750
15.100542,-1.000000,1382.857056,1487.000000,0.818110,6.945312,62.156250
15.120510,-1.000000,1394.285522,1487.000000,0.760949,7.289062,46.718750
15.140517,-1.000000,1422.857178,1487.000000,0.618091,8.289062,42.750000
15.160559,-1.000000,1422.857178,1487.000000,0.618091,8.289062,39.625000
15.180468,-1.000000,1445.714478,1487.000000,0.503800,9.195312,25.875000
15.200598,-1.000000,1474.285889,1487.000000,0.360942,10.484375,9.406250
15.222336,-1.000000,1474.285889,1487.000000,0.360942,10.578125,11.531250
15.241308,-1.000000,1508.571533,1487.000000,0.189520,11.789062,0.000000
15.260516,-1.000000,1520.000000,1487.000000,0.189520,12.289062,0.000000
15.281001,-1.000000,1520.000000,1487.000000,0.132389,12.242188,0.000000
15.300488,-1.000000,1537.142822,1487.000000,0.046663,12.570312,0.000000
15.320533,-1.000000,1542.857300,1487.000000,0.046663,12.398438,0.000000
15.340584,-1.000000,1542.857300,1487.000000,0.018097,12.296875,0.000000
15.360594,-1.000000,1531.428711,1487.000000,0.075228,12.562500,0.000000
15.380589,-1.000000,1531.428711,1487.000000,0.075228,12.515625,0.000000
15.400581,-1.000000,1508.571411,1487.000000,0.189520,11.734375,0.000000
15.420627,-1.000000,1480.000000,1487.000000,0.332377,10.796875,11.437500
15.440668,-1.000000,1480.000000,1487.000000,0.332377,10.531250,16.312500
15.461583,-1.000000,1457.143066,1487.000000,0.446669,9.421875,30.718750
15.480569,-1.000000,1422.857422,1487.000000,0.618091,8.054688,57.718750
15.500520,-1.000000,1422.857422,1487.000000,0.618091,8.007812,59.750000
15.520645,-1.000000,1411.428467,1487.000000,0.675253,7.570312,63.531250
15.540517,-1.000000,1388.571533,1487.000000,0.675253,7.375000,69.843750
15.560488,-1.000000,1388.571533,1487.000000,0.789514,7.132812,59.343750
15.580580,-1.000000,1377.142700,1487.000000,0.846675,8.960938,33.562500
15.600610,-1.000000,1377.142700,1487.000000,0.846675,7.031250,60.968750
15.620981,-1.000000,1382.857056,1487.000000,0.818110,6.890625,52.875000
15.641275,-1.000000,1405.714355,1487.000000,0.703818,7.656250,62.718750
15.660634,-1.000000,1405.714355,1487.000000,0.703818,7.898438,55.062500
15.680660,-1.000000,1428.571289,1487.000000,0.589526,8.671875,45.093750
15.700662,-1.000000,1451.428467,1487.000000,0.475234,9.539062,29.156250
15.720709,-1.000000,1451.428467,1487.000000,0.475234,9.593750,28.000000
15.740804,-1.000000,1485.714111,1487.000000,0.303812,10.968750,2.062500
15.760677,-1.000000,1508.571289,1487.000000,0.303812,11.984375,0.000000
15.780687,-1.000000,1508.571289,1487.000000,0.189520,11.937500,0.000000
15.800759,-1.000000,1531.428467,1487.000000,0.075228,12.812500,0.000000
15.820470,-1.000000,1542.857056,1487.000000,0.075228,12.617188,0.000000
15.840978,-1.000000,1542.857056,1487.000000,0.018097,12.507812,0.000000
15.860651,-1.000000,1542.857056,1487.000000,0.018097,12.484375,0.000000
15.880547,-1.000000,1542.857056,1487.000000,0.018097,12.335938,0.000000
15.900658,-1.000000,1525.714111,1487.000000,0.103824,12.507812,0.000000
15.920957,-1.000000,1508.571167,1487.000000,0.189520,11.843750,0.000000
15.940642,-1.000000,1508.571167,1487.000000,0.189520,11.765625,0.000000
15.960693,-1.000000,1474.285645,1487.000000,0.360942,10.679688,24.156250
15.980592,-1.000000,1445.714355,1487.000000,0.503800,9.210938,44.750000
16.000613,-1.000000,1445.714355,1487.000000,0.503800,9.273438,47.000000
16.020786,-1.000000,1417.143066,1487.000000,0.646657,8.148438,57.843750
16.040879,-1.000000,1394.285645,1487.000000,0.646657,7.640625,68.843750
16.060608,-1.000000,1394.285645,1487.000000,0.760949,7.242188,62.968750
16.080564,-1.000000,1382.857056,1487.000000,0.814692,6.906250,80.718750
16.100544,-1.000000,1382.857056,1487.000000,0.818110,6.843750,71.343750
16.120555,-1.000000,1377.142700,1487.000000,0.846675,7.093750,73.218750
16.140932,-1.000000,1388.571167,1487.000000,0.789514,7.195312,72.593750
16.160661,-1.000000,1388.571167,1487.000000,0.789514,7.429688,50.812500
16.180546,-1.000000,1405.714111,1487.000000,0.703818,7.984375,51.687500
16.200919,-1.000000,1434.285645,1487.000000,0.560961,9.054688,37.656250
16.220598,-1.000000,1434.285645,1487.000000,0.560961,9.156250,40.437500
16.240591,-1.000000,1462.857178,1487.000000,0.418104,10.273438,24.875000
16.260525,-1.000000,1497.142822,1487.000000,0.418104,11.500000,0.000000
16.280829,-1.000000,1497.142822,1487.000000,0.246681,11.796875,0.000000
16.300458,-1.000000,1520.000000,1487.000000,0.132389,12.648438,0.000000
16.320552,-1.000000,1537.142700,1487.000000,0.132389,12.789062,0.000000
16.340569,-1.000000,1537.142700,1487.000000,0.046663,13.062500,0.000000
16.360851,-1.000000,1554.285767,1487.000000,0.000000,11.726562,0.000000
16.380573,-1.000000,1554.285767,1487.000000,0.000000,11.703125,0.000000
16.400526,-1.000000,1548.571289,1487.000000,0.000000,11.703125,0.000000
16.420549,-1.000000,1537.142944,1487.000000,0.046663,13.000000,0.000000
16.440698,-1.000000,1537.142944,1487.000000,0.046663,12.906250,0.000000
16.460581,-1.000000,1514.285400,1487.000000,0.160955,12.320312,0.000000
16.480493,-1.000000,1485.714111,1487.000000,0.303812,11.304688,10.093750
16.500536,-1.000000,1485.714111,1487.000000,0.303812,11.203125,14.093750
16.520677,-1.000000,1457.142334,1487.000000,0.446669,9.679688,35.718750
16.540687,-1.000000,1434.285400,1487.000000,0.446669,8.906250,59.687500
16.560545,-1.000000,1434.285400,1487.000000,0.560961,8.640625,60.687500
16.580461,-1.000000,1405.713989,1487.000000,0.703818,7.828125,49.593750
16.600611,-1.000000,1405.713989,1487.000000,0.703818,7.843750,63.218750
16.620546,-1.000000,1388.571045,1487.000000,0.789544,7.226562,66.000000
16.640469,-1.000000,1382.856689,1487.000000,0.818110,7.320312,73.343750
16.660735,-1.000000,1382.856689,1487.000000,0.818110,7.242188,67.906250
16.680686,-1.000000,1388.571045,1487.000000,0.789544,7.375000,59.875000
16.700567,-1.000000,1405.713867,1487.000000,0.703818,7.937500,51.468750
16.720559,-1.000000,1405.713867,1487.000000,0.703818,7.984375,63.437500
16.740889,-1.000000,1428.571045,1487.000000,0.589526,8.726562,51.156250
16.760599,-1.000000,1457.142578,1487.000000,0.589526,9.718750,24.812500
16.780779,-1.000000,1457.142578,1487.000000,0.446669,10.117188,29.968750
16.800629,-1.000000,1485.714111,1487.000000,0.303812,11.226562,7.375000
16.821145,-1.000000,1519.999878,1487.000000,0.303812,11.625000,0.000000
16.840780,-1.000000,1519.999878,1487.000000,0.132389,12.796875,0.000000
16.860586,-1.000000,1531.428345,1487.000000,0.075228,13.031250,0.000000
16.880636,-1.000000,1531.428345,1487.000000,0.075228,13.046875,0.000000
16.900740,-1.000000,1548.571411,1487.000000,0.000000,11.695312,0.000000
16.920933,-1.000000,1554.285767,1487.000000,0.000000,11.859375,0.000000
16.940709,-1.000000,1554.285767,1487.000000,0.000000,11.875000,0.000000
16.961279,-1.000000,1542.856934,1487.000000,0.018097,12.734375,0.000000
16.980644,-1.000000,1525.714355,1487.000000,0.103824,12.843750,0.000000
17.000619,-1.000000,1525.714355,1487.000000,0.103824,11.242188,0.000000
17.020665,-1.000000,1491.428711,1487.000000,0.275246,10.500000,0.000000
17.040553,-1.000000,1457.143066,1487.000000,0.275246,9.726562,35.250000
17.060497,-1.000000,1457.143066,1487.000000,0.446669,9.296875,41.343750
17.080595,-1.000000,1428.571411,1487.000000,0.589526,8.554688,55.343750
17.100603,-1.000000,1428.571411,1487.000000,0.589526,8.476562,47.500000
17.120588,-1.000000,1405.714355,1487.000000,0.703818,7.539062,62.812500
17.140571,-1.000000,1382.857056,1487.000000,0.818110,7.109375,69.718750
17.160493,-1.000000,1382.857056,1487.000000,0.818110,6.960938,56.093750
17.180507,-1.000000,1371.428467,1487.000000,0.875240,7.148438,59.281250
17.200618,-1.000000,1371.428711,1487.000000,0.875240,8.328125,62.062500
17.220496,-1.000000,1371.428711,1487.000000,0.875240,9.023438,26.562500
17.240512,-1.000000,1382.857178,1487.000000,0.818110,7.093750,65.625000
17.260627,-1.000000,1411.428467,1487.000000,0.818110,7.945312,53.593750
17.280737,-1.000000,1411.428467,1487.000000,0.675253,8.382812,61.593750
17.300572,-1.000000,1439.999756,1487.000000,0.532395,9.390625,39.718750
17.320532,-1.000000,1468.571411,1487.000000,0.532395,9.781250,30.343750
17.340627,-1.000000,1468.571411,1487.000000,0.389538,10.851562,14.781250
17.360502,-1.000000,1508.571289,1487.000000,0.189520,12.218750,0.000000
17.380663,-1.000000,1508.571289,1487.000000,0.189520,12.671875,0.000000
17.400582,-1.000000,1525.714233,1487.000000,0.103824,13.242188,0.000000
17.420472,-1.000000,1548.571167,1487.000000,0.000000,11.929688,0.000000
17.440507,-1.000000,1548.571167,1487.000000,0.000000,11.960938,0.000000
17.460656,-1.000000,1560.000000,1487.000000,0.000000,11.921875,0.000000
17.480644,-1.000000,1554.285400,1487.000000,0.000000,12.125000,0.000000
17.500563,-1.000000,1554.285400,1487.000000,0.000000,12.117188,0.000000
17.520506,-1.000000,1542.857178,1487.000000,0.018097,12.914062,0.000000
17.540676,-1.000000,1519.999756,1487.000000,0.018097,12.953125,0.000000
17.560893,-1.000000,1519.999756,1487.000000,0.132389,12.710938,0.000000
17.580492,-1.000000,1491.428345,1487.000000,0.275246,11.843750,4.062500
17.600452,-1.000000,1491.428345,1487.000000,0.275246,11.601562,11.250000
17.620442,-1.000000,1457.142578,1487.000000,0.446669,9.859375,38.343750
17.640545,-1.000000,1434.285522,1487.000000,0.560961,8.835938,59.906250
17.660625,-1.000000,1434.285522,1487.000000,0.560961,8.960938,50.843750
17.680541,-1.000000,1405.714355,1487.000000,0.703818,7.585938,77.187500
17.700573,-1.000000,1388.571533,1487.000000,0.789514,7.281250,63.375000
17.720774,-1.000000,1388.571533,1487.000000,0.789514,7.320312,62.906250
17.740455,-1.000000,1388.571289,1487.000000,0.789514,7.164062,77.312500
17.760660,-1.000000,1388.571533,1487.000000,0.789514,7.421875,65.812500
17.780879,-1.000000,1388.571533,1487.000000,0.789514,7.531250,71.343750
17.800448,-1.000000,1405.714355,1487.000000,0.703818,8.101562,57.000000
17.820626,-1.000000,1428.571655,1487.000000,0.703818,8.195312,40.343750
17.840632,-1.000000,1428.571655,1487.000000,0.589526,9.078125,44.531250
17.860536,-1.000000,1457.143066,1487.000000,0.446669,10.203125,31.000000
17.881633,-1.000000,1457.143066,1487.000000,0.446669,10.304688,23.000000
17.900745,-1.000000,1491.428711,1487.000000,0.275246,11.789062,0.000000
17.920651,-1.000000,1514.285767,1487.000000,0.160955,12.718750,0.000000
17.940594,-1.000000,1514.285767,1487.000000,0.160955,12.921875,0.000000
17.960705,-1.000000,1537.142822,1487.000000,0.046663,13.257812,0.000000
17.980504,-1.000000,1548.571289,1487.000000,0.000000,11.937500,0.000000
18.000573,-1.000000,1548.571289,1487.000000,0.000000,12.148438,0.000000
18.020535,-1.000000,1548.571533,1487.000000,0.000000,11.960938,0.000000
18.040466,-1.000000,1542.856934,1487.000000,0.000000,12.906250,0.000000
18.060458,-1.000000,1542.856934,1487.000000,0.018097,12.906250,0.000000
18.080786,-1.000000,1519.999878,1487.000000,0.132389,12.890625,0.000000
18.100518,-1.000000,1519.999878,1487.000000,0.132389,12.890625,0.000000
18.120662,-1.000000,1491.428345,1487.000000,0.275246,11.585938,11.000000
18.140490,-1.000000,1462.857056,1487.000000,0.418104,10.398438,29.843750
18.160502,-1.000000,1462.857056,1487.000000,0.418104,10.156250,26.562500
18.180689,-1.000000,1440.000000,1487.000000,0.532395,8.992188,53.187500
18.200604,-1.000000,1411.428711,1487.000000,0.675253,7.906250,57.718750
18.220639,-1.000000,1411.428711,1487.000000,0.675253,8.046875,59.312500
18.240675,-1.000000,1388.571289,1487.000000,0.789514,7.085938,59.812500
18.260468,-1.000000,1388.571533,1487.000000,0.789514,7.187500,49.906250
18.280603,-1.000000,1388.571533,1487.000000,0.789514,7.421875,59.781250
18.300458,-1.000000,1388.571289,1487.000000,0.789514,7.242188,77.156250
18.320520,-1.000000,1405.714478,1487.000000,0.789514,7.539062,50.781250
18.340868,-1.000000,1405.714478,1487.000000,0.703818,7.976562,66.500000
18.360603,-1.000000,1428.571533,1487.000000,0.589526,8.960938,49.750000
18.380803,-1.000000,1428.571533,1487.000000,0.589526,8.960938,48.281250
18.400628,-1.000000,1451.428833,1487.000000,0.475234,10.000000,32.875000
18.420648,-1.000000,1485.714355,1487.000000,0.303812,11.445312,6.062500
18.440590,-1.000000,1485.714355,1487.000000,0.303812,11.632812,3.875000
18.460626,-1.000000,1520.000000,1487.000000,0.132389,13.070312,0.000000
18.480823,-1.000000,1537.143311,1487.000000,0.046663,13.296875,0.000000
18.500533,-1.000000,1537.143311,1487.000000,0.046663,13.328125,0.000000
18.520573,-1.000000,1542.857422,1487.000000,0.018097,12.968750,0.000000
18.540682,-1.000000,1548.572021,1487.000000,0.018097,12.031250,0.000000
18.560514,-1.000000,1548.572021,1487.000000,0.000000,11.984375,0.000000
18.580586,-1.000000,1537.143188,1487.000000,0.046663,13.062500,0.000000
18.600592,-1.000000,1537.143188,1487.000000,0.046663,13.156250,0.000000
18.620523,-1.000000,1508.571533,1487.000000,0.189520,12.351562,0.000000
18.640566,-1.000000,1480.000122,1487.000000,0.332377,11.406250,11.250000
18.661632,-1.000000,1480.000122,1487.000000,0.332377,11.031250,21.343750
18.680647,-1.000000,1451.428955,1487.000000,0.475234,9.593750,36.875000
18.702054,-1.000000,1417.143311,1487.000000,0.646657,8.281250,55.156250
18.720623,-1.000000,1417.143311,1487.000000,0.646657,7.953125,62.218750
18.740514,-1.000000,1400.000000,1487.000000,0.732383,7.632812,57.187500
18.760588,-1.000000,1382.857178,1487.000000,0.732383,7.218750,57.968750
18.780872,-1.000000,1382.857178,1487.000000,0.818110,7.085938,55.781250
18.800625,-1.000000,1377.142578,1487.000000,0.846675,6.804688,81.031250
18.820577,-1.000000,1382.857056,1487.000000,0.846675,7.281250,74.187500
18.840623,-1.000000,1382.857056,1487.000000,0.818110,7.015625,68.281250
18.860742,-1.000000,1411.428711,1487.000000,0.675253,8.281250,55.500000
18.880614,-1.000000,1411.428711,1487.000000,0.000000,11.882812,0.000000
18.900629,-1.000000,1428.571289,1487.000000,0.000000,11.945312,0.000000
18.920571,-1.000000,1440.000000,1487.000000,0.000000,11.843750,0.000000
18.940775,-1.000000,1440.000000,1487.000000,0.000000,12.031250,0.000000
18.961473,-1.000000,1462.857178,1487.000000,0.000000,12.085938,0.000000
18.980639,-1.000000,1468.571289,1487.000000,0.000000,12.070312,0.000000
19.000619,-1.000000,1468.571289,1487.000000,0.000000,12.062500,0.000000
19.020614,-1.000000,1474.285889,1487.000000,0.000000,11.945312,0.000000
19.040710,-1.000000,1462.856934,1487.000000,0.000000,12.070312,0.000000
19.060599,-1.000000,1462.856934,1487.000000,0.000000,12.109375,0.000000
19.080751,-1.000000,1439.999878,1487.000000,0.000000,12.109375,0.000000
19.100723,-1.000000,1439.999878,1487.000000,0.000000,12.101562,0.000000
19.120801,-1.000000,1405.714111,1487.000000,0.000000,11.976562,0.000000
19.140708,-1.000000,1377.142578,1487.000000,0.000000,12.109375,0.000000
19.161518,-1.000000,1377.142578,1487.000000,0.000000,11.984375,0.000000
19.180859,-1.000000,1337.142700,1487.000000,0.000000,11.992188,0.000000
19.200507,-1.000000,1291.428467,1487.000000,0.000000,12.000000,0.000000
19.220727,-1.000000,1291.428467,1487.000000,0.000000,12.007812,0.000000
19.240659,-1.000000,1257.142578,1487.000000,0.000000,12.117188,0.000000
19.260512,-1.000000,1211.428467,1487.000000,0.000000,12.007812,0.000000
19.281024,-1.000000,1211.428467,1487.000000,0.000000,12.007812,0.000000
19.300867,-1.000000,1171.428223,1487.000000,0.000000,12.093750,0.000000
19.320591,-1.000000,1137.142700,1487.000000,0.000000,12.093750,0.000000
19.340566,-1.000000,1137.142700,1487.000000,0.000000,12.007812,0.000000
19.360463,-1.000000,1097.142700,1487.000000,0.000000,12.015625,0.000000
19.381692,-1.000000,1097.142700,1487.000000,0.000000,12.101562,0.000000
19.400716,-1.000000,1062.856934,1487.000000,0.000000,12.023438,0.000000
19.420506,-1.000000,1022.856812,1487.000000,0.000000,12.023438,0.000000
19.440709,-1.000000,1022.856812,1487.000000,0.000000,12.023438,0.000000
19.460762,-1.000000,994.285522,1487.000000,0.000000,12.023438,0.000000
19.480566,-1.000000,954.285645,1487.000000,0.000000,12.031250,0.000000
19.500594,-1.000000,954.285645,1487.000000,0.000000,12.109375,0.000000
19.520926,-1.000000,920.000000,1487.000000,0.000000,12.031250,0.000000
19.540585,-1.000000,885.714355,1487.000000,0.000000,12.039062,0.000000
19.560591,-1.000000,885.714355,1487.000000,0.000000,12.046875,0.000000
19.580595,-1.000000,857.142822,1487.000000,0.000000,12.039062,0.000000
19.600916,-1.000000,857.142822,1487.000000,0.000000,12.046875,0.000000
19.620509,-1.000000,822.857056,1487.000000,0.000000,12.039062,0.000000
19.640568,-1.000000,794.285522,1487.000000,0.000000,12.039062,0.000000
19.660543,-1.000000,794.285522,1487.000000,0.000000,12.039062,0.000000
19.680989,-1.000000,765.714111,1487.000000,0.000000,12.101562,0.000000
19.700715,-1.000000,731.428345,1487.000000,0.000000,12.039062,0.000000
19.720789,-1.000000,731.428345,1487.000000,0.000000,12.046875,0.000000
19.740613,-1.000000,702.857056,1487.000000,0.000000,12.046875,0.000000
19.760515,-1.000000,680.000122,1487.000000,0.000000,12.046875,0.000000
19.780676,-1.000000,680.000122,1487.000000,0.000000,12.046875,0.000000
19.800470,-1.000000,651.428589,1487.000000,0.000000,12.054688,0.000000
19.820608,-1.000000,622.857178,1487.000000,0.000000,12.062500,0.000000
19.840705,-1.000000,622.857178,1487.000000,0.000000,12.046875,0.000000
19.860535,-1.000000,600.000061,1487.000000,0.000000,12.054688,0.000000
19.881234,-1.000000,600.000061,1487.000000,0.000000,12.070312,0.000000
19.901566,-1.000000,571.428589,1487.000000,0.000000,12.054688,0.000000
19.920766,-1.000000,548.571533,1487.000000,0.000000,12.062500,0.000000
19.940613,-1.000000,548.571533,1487.000000,0.000000,12.062500,0.000000
19.960573,-1.000000,525.714355,1487.000000,0.000000,12.070312,0.000000
19.980579,-1.000000,502.857178,1487.000000,0.000000,12.062500,0.000000
20.000743,-1.000000,502.857178,1487.000000,0.000000,12.070312,0.000000
20.020537,-1.000000,480.000000,1487.000000,0.000000,12.062500,0.000000
20.040834,-1.000000,457.142944,1487.000000,0.000000,12.070312,0.000000
20.060466,-1.000000,457.142944,1487.000000,0.000000,12.070312,0.000000
20.080781,-1.000000,434.285767,1487.000000,0.000000,12.070312,0.000000
20.100919,-1.000000,434.285767,1487.000000,0.000000,12.062500,0.000000
20.120630,-1.000000,417.142883,1487.000000,0.000000,12.062500,0.000000
20.140483,-1.000000,394.285767,1487.000000,0.000000,12.078125,0.000000
20.160594,-1.000000,394.285767,1487.000000,0.000000,12.070312,0.000000
20.180543,-1.000000,377.142883,1487.000000,0.000000,12.062500,0.000000
20.200661,-1.000000,360.000000,1487.000000,0.000000,12.070312,0.000000
20.220621,-1.000000,360.000000,1487.000000,0.000000,12.078125,0.000000
20.240547,-1.000000,342.857178,1487.000000,0.000000,12.078125,0.000000
20.260536,-1.000000,325.714355,1487.000000,0.000000,12.085938,0.000000
20.280841,-1.000000,325.714355,1487.000000,0.000000,12.085938,0.000000
20.300663,-1.000000,308.571350,1487.000000,0.000000,12.078125,0.000000
20.320641,-1.000000,297.142822,1487.000000,0.000000,12.070312,0.000000
20.340665,-1.000000,297.142822,1487.000000,0.000000,12.078125,0.000000
20.360636,-1.000000,279.999939,1487.000000,0.000000,12.070312,0.000000
20.380425,-1.000000,279.999939,1487.000000,0.000000,12.078125,0.000000
20.400699,-1.000000,262.857117,1487.000000,0.000000,12.085938,0.000000
20.420463,-1.000000,251.428528,1487.000000,0.000000,12.078125,0.000000
20.440773,-1.000000,251.428528,1487.000000,0.000000,12.070312,0.000000
20.460558,-1.000000,234.285706,1487.000000,0.000000,12.085938,0.000000
20.480797,-1.000000,217.142822,1487.000000,0.000000,12.078125,0.000000
20.500592,-1.000000,217.142822,1487.000000,0.000000,12.070312,0.000000
20.520516,-1.000000,205.714294,1487.000000,0.000000,12.085938,0.000000
20.540545,-1.000000,194.285706,1487.000000,0.000000,12.070312,0.000000
20.560503,-1.000000,194.285706,1487.000000,0.000000,12.078125,0.000000
20.580930,-1.000000,177.142883,1487.000000,0.000000,12.085938,0.000000
20.600518,-1.000000,177.142883,1487.000000,0.000000,12.085938,0.000000
20.620588,-1.000000,165.714294,1487.000000,0.000000,12.078125,0.000000
20.640660,-1.000000,160.000000,1487.000000,0.000000,12.085938,0.000000
20.660601,-1.000000,160.000000,1487.000000,0.000000,12.085938,0.000000
20.680760,-1.000000,142.857147,1487.000000,0.000000,12.085938,0.000000
20.700582,-1.000000,131.428589,1487.000000,0.000000,12.078125,0.000000
20.720603,-1.000000,131.428589,1487.000000,0.000000,12.093750,0.000000
20.740599,-1.000000,125.714264,1487.000000,0.000000,12.085938,0.000000
20.760668,-1.000000,114.285706,1487.000000,0.000000,12.093750,0.000000
20.781042,-1.000000,114.285706,1487.000000,0.000000,12.101562,0.000000
20.800579,-1.000000,102.857147,1487.000000,0.000000,12.093750,0.000000
20.820569,-1.000000,97.142853,1487.000000,0.000000,12.093750,0.000000
20.840609,-1.000000,97.142853,1487.000000,0.000000,12.101562,0.000000
20.860582,-1.000000,85.714294,1487.000000,0.000000,12.101562,0.000000
20.880686,-1.000000,85.714294,1487.000000,0.000000,12.101562,0.000000
20.900515,-1.000000,74.285706,1487.000000,0.000000,12.101562,0.000000
20.920562,-1.000000,68.571426,1487.000000,0.000000,12.109375,0.000000
20.940726,-1.000000,68.571426,1487.000000,0.000000,12.101562,0.000000
20.960722,-1.000000,62.857147,1487.000000,0.000000,12.109375,0.000000
20.980693,-1.000000,51.428574,1487.000000,0.000000,12.101562,0.000000
21.000519,-1.000000,51.428574,1487.000000,0.000000,12.101562,0.000000
21.020634,-1.000000,45.714294,1487.000000,0.000000,12.093750,0.000000
21.040552,-1.000000,40.000000,1487.000000,0.000000,12.109375,0.000000
21.060570,-1.000000,40.000000,1487.000000,0.000000,12.117188,0.000000
21.080540,-1.000000,34.285721,1487.000000,0.000000,12.109375,0.000000
21.100512,-1.000000,34.285721,1487.000000,0.000000,12.117188,0.000000
21.120735,-1.000000,28.571434,1487.000000,0.000000,12.109375,0.000000
21.140578,-1.000000,22.857147,1487.000000,0.000000,12.109375,0.000000
21.160536,-1.000000,22.857147,1487.000000,0.000000,12.101562,0.000000
21.180630,-1.000000,17.142860,1487.000000,0.000000,12.109375,0.000000
21.200593,-1.000000,11.428574,1487.000000,0.000000,12.101562,0.000000
21.220434,-1.000000,11.428574,1487.000000,0.000000,12.109375,0.000000
21.240472,-1.000000,11.428574,1487.000000,0.000000,12.109375,0.000000
21.261220,-1.000000,5.714287,1487.000000,0.000000,12.109375,0.000000
21.280535,-1.000000,5.714287,1487.000000,0.000000,12.117188,0.000000
21.300716,-1.000000,5.714287,1487.000000,0.000000,12.101562,0.000000
21.320541,-1.000000,-0.000000,1487.000000,0.000000,12.109375,0.000000
21.340547,-1.000000,-0.000000,1487.000000,0.000000,12.109375,0.000000
21.360592,-1.000000,-0.000000,1487.000000,0.000000,12.109375,0.000000
21.380620,-1.000000,-0.000000,1487.000000,0.000000,12.109375,0.000000
21.400770,-1.000000,-0.000000,1487.000000,0.000000,12.109375,0.000000
21.420606,-1.000000,-0.000000,1487.000000,0.000000,12.117188,0.000000
21.440715,-1.000000,-0.000000,1487.000000,0.000000,12.125000,0.000000
21.460465,-1.000000,-0.000000,1487.000000,0.000000,12.117188,0.000000
21.480540,-1.000000,-0.000000,1487.000000,0.000000,12.117188,0.000000
21.500680,-1.000000,-0.000000,1487.000000,0.000000,12.109375,0.000000
21.520568,-1.000000,-0.000000,1487.000000,0.000000,12.117188,0.000000
21.540514,-1.000000,-0.000000,1487.000000,0.000000,12.117188,0.000000
21.560787,-1.000000,-0.000000,1487.000000,0.000000,12.125000,0.000000
21.580573,-1.000000,-0.000000,1487.000000,0.000000,12.117188,0.000000
21.600535,-1.000000,-0.000000,1487.000000,0.000000,12.109375,0.000000
21.620494,-1.000000,-0.000000,1487.000000,0.000000,12.117188,0.000000
21.640770,-1.000000,-0.000000,1487.000000,0.000000,12.125000,0.000000
21.660715,-1.000000,-0.000000,1487.000000,0.000000,12.117188,0.000000
21.680450,-1.000000,-0.000000,1487.000000,0.000000,12.117188,0.000000
21.700547,-1.000000,-0.000000,1487.000000,0.000000,12.117188,0.000000
21.720691,-1.000000,-0.000000,1487.000000,0.000000,12.125000,0.000000
21.740778,-1.000000,-0.000000,1487.000000,0.000000,12.125000,0.000000
21.760592,-1.000000,-0.000000,1487.000000,0.000000,12.117188,0.000000
21.780631,-1.000000,-0.000000,1487.000000,0.000000,12.117188,0.000000
21.800974,-1.000000,-0.000000,1487.000000,0.000000,12.125000,0.000000
21.820493,-1.000000,-0.000000,1487.000000,0.000000,12.125000,0.000000
21.840683,-1.000000,-0.000000,1487.000000,0.000000,12.132812,0.000000
21.860638,-1.000000,-0.000000,1487.000000,0.000000,12.132812,0.000000
21.880617,-1.000000,-0.000000,1487.000000,0.000000,12.125000,0.000000
21.901268,-1.000000,-0.000000,1487.000000,0.000000,12.125000,0.000000
21.920578,-1.000000,-0.000000,1487.000000,0.000000,12.125000,0.000000
21.940867,-1.000000,-0.000000,1487.000000,0.000000,12.125000,0.000000
21.961023,-1.000000,-0.000000,1487.000000,0.000000,12.132812,0.000000
21.980927,-1.000000,-0.000000,1487.000000,0.000000,12.132812,0.000000
22.000584,-1.000000,-0.000000,1487.000000,0.000000,12.132812,0.000000
22.020446,-1.000000,-0.000000,1487.000000,0.000000,12.132812,0.000000
22.041170,-1.000000,-0.000000,1487.000000,0.000000,12.140625,0.000000
22.060596,-1.000000,-0.000000,1487.000000,0.000000,12.132812,0.000000
22.080474,-1.000000,-0.000000,1487.000000,0.000000,12.140625,0.000000
22.100605,-1.000000,-0.000000,1487.000000,0.000000,12.132812,0.000000
22.120507,-1.000000,-0.000000,1487.000000,0.000000,12.125000,0.000000
22.140900,-1.000000,-0.000000,1487.000000,0.000000,12.125000,0.000000
22.160650,-1.000000,-0.000000,1487.000000,0.000000,12.132812,0.000000
22.180616,-1.000000,-0.000000,1487.000000,0.000000,12.125000,0.000000
22.200996,-1.000000,-0.000000,1487.000000,0.000000,12.125000,0.000000
22.220496,-1.000000,-0.000000,1487.000000,0.000000,12.140625,0.000000
22.240935,-1.000000,-0.000000,1487.000000,0.000000,12.132812,0.000000
22.260498,-1.000000,-0.000000,1487.000000,0.000000,12.140625,0.000000
22.280687,-1.000000,-0.000000,1487.000000,0.000000,12.140625,0.000000
22.300607,-1.000000,-0.000000,1487.000000,0.000000,12.148438,0.000000
22.321751,-1.000000,-0.000000,1487.000000,0.000000,12.140625,0.000000
22.341009,-1.000000,-0.000000,1487.000000,0.000000,12.125000,0.000000
22.360508,-1.000000,-0.000000,1487.000000,0.000000,12.148438,0.000000
22.380502,-1.000000,-0.000000,1487.000000,0.000000,12.132812,0.000000
22.400625,-1.000000,-0.000000,1487.000000,0.000000,12.132812,0.000000
22.420742,-1.000000,-0.000000,1487.000000,0.000000,12.140625,0.000000
22.440908,-1.000000,-0.000000,1487.000000,0.000000,12.140625,0.000000
22.460659,-1.000000,-0.000000,1487.000000,0.000000,12.140625,0.000000
22.480543,-1.000000,-0.000000,1487.000000,0.000000,12.140625,0.000000
22.500640,-1.000000,-0.000000,1487.000000,0.000000,12.140625,0.000000
22.520537,-1.000000,-0.000000,1487.000000,0.000000,12.148438,0.000000
22.541116,-1.000000,-0.000000,1487.000000,0.000000,12.140625,0.000000
22.560513,-1.000000,-0.000000,1487.000000,0.000000,12.148438,0.000000
22.580650,-1.000000,-0.000000,1487.000000,0.000000,12.148438,0.000000
22.600823,-1.000000,-0.000000,1487.000000,0.000000,12.140625,0.000000
22.620485,-1.000000,-0.000000,1487.000000,0.000000,12.148438,0.000000
22.640632,-1.000000,-0.000000,1487.000000,0.000000,12.148438,0.000000
22.660832,-1.000000,-0.000000,1487.000000,0.000000,12.148438,0.000000
22.680706,-1.000000,-0.000000,1487.000000,0.000000,12.148438,0.000000
22.700551,-1.000000,-0.000000,1487.000000,0.000000,12.148438,0.000000
22.720589,-1.000000,-0.000000,1487.000000,0.000000,12.148438,0.000000
22.740762,-1.000000,-0.000000,1487.000000,0.000000,12.148438,0.000000
22.760835,-1.000000,-0.000000,1487.000000,0.000000,12.156250,0.000000
